protein,DG_prediction_kcalmol
A10,-5.81
A10,-5.99
A10,-5.92
A10,-6.21
A10,-6.64
A10,-6.87
A10,-7.05
A10,-7.25
A10,-7.48
A10,-7.86
A10,-7.51
A10,-7.07
A10,-7.03
A10,-7.42
A10,-8.16
A10,-7.97
A10,-8.06
A10,-6.95
A10,-6.98
A10,-6.95
A10,-5.72
A10,-7.36
A10,-9.16
A10,-9.55
A10,-7.38
A10,-6.72
A10,-8.24
A10,-6.64
A10,-6.74
A10,-5.96
A10,-7.59
A10,-7.43
A10,-6.29
A10,-6.21
A10,-6.51
A10,-6.73
A10,-6.24
A10,-6.23
A10,-6.33
A10,-6.38
A10,-5.96
A10,-7.87
A10,-6.06
A10,-6.68
A10,-7.5
A10,-8.03
A10,-6.2
A10,-7.71
A10,-6.4
A10,-6.46
A10,-6.62
A10,-6.0
A11,-6.09
A11,-5.86
A11,-5.82
A11,-6.04
A11,-6.4
A11,-6.63
A11,-6.69
A11,-6.82
A11,-6.95
A11,-7.35
A11,-7.17
A11,-6.69
A11,-6.71
A11,-7.07
A11,-7.12
A11,-7.42
A11,-7.38
A11,-6.58
A11,-6.78
A11,-6.69
A11,-5.65
A11,-7.02
A11,-8.72
A11,-8.24
A11,-7.06
A11,-6.99
A11,-7.51
A11,-6.66
A11,-6.48
A11,-5.84
A11,-7.67
A11,-7.21
A11,-6.12
A11,-5.99
A11,-6.4
A11,-6.66
A11,-6.13
A11,-6.12
A11,-6.42
A11,-6.21
A11,-5.89
A11,-8.19
A11,-6.1
A11,-6.91
A11,-7.82
A11,-8.21
A11,-6.06
A11,-7.39
A11,-6.22
A11,-6.39
A11,-6.48
A11,-5.86
A12,-5.94
A12,-5.92
A12,-5.96
A12,-6.21
A12,-6.7
A12,-6.97
A12,-7.14
A12,-7.39
A12,-7.56
A12,-8.08
A12,-7.57
A12,-7.27
A12,-7.29
A12,-7.31
A12,-8.58
A12,-9.0
A12,-8.95
A12,-6.97
A12,-7.15
A12,-6.98
A12,-5.68
A12,-7.39
A12,-10.45
A12,-9.81
A12,-7.5
A12,-7.54
A12,-8.45
A12,-6.61
A12,-6.68
A12,-5.92
A12,-7.91
A12,-7.62
A12,-6.19
A12,-6.26
A12,-6.4
A12,-6.61
A12,-6.19
A12,-6.17
A12,-6.43
A12,-6.47
A12,-5.95
A12,-7.99
A12,-6.05
A12,-7.06
A12,-8.23
A12,-8.36
A12,-6.2
A12,-7.52
A12,-6.46
A12,-6.39
A12,-6.69
A12,-5.94
A13,-5.56
A13,-5.99
A13,-5.96
A13,-6.23
A13,-6.76
A13,-6.98
A13,-7.15
A13,-7.42
A13,-7.38
A13,-8.24
A13,-7.82
A13,-7.16
A13,-6.95
A13,-7.38
A13,-8.43
A13,-9.06
A13,-8.8
A13,-6.9
A13,-7.29
A13,-6.96
A13,-5.73
A13,-7.46
A13,-9.67
A13,-9.66
A13,-7.4
A13,-7.38
A13,-8.26
A13,-6.59
A13,-6.72
A13,-5.96
A13,-7.88
A13,-7.49
A13,-6.24
A13,-6.21
A13,-6.46
A13,-6.64
A13,-6.2
A13,-6.25
A13,-6.54
A13,-6.31
A13,-5.96
A13,-7.29
A13,-6.12
A13,-6.96
A13,-7.78
A13,-7.76
A13,-6.28
A13,-7.09
A13,-6.49
A13,-6.46
A13,-6.75
A13,-6.02
A14,-6.1
A14,-6.09
A14,-6.06
A14,-6.33
A14,-6.56
A14,-7.03
A14,-7.44
A14,-7.07
A14,-7.5
A14,-7.69
A14,-8.04
A14,-7.46
A14,-7.09
A14,-7.06
A14,-7.88
A14,-8.47
A14,-8.55
A14,-5.89
A14,-7.33
A14,-7.18
A14,-5.63
A14,-7.64
A14,-9.33
A14,-8.82
A14,-7.28
A14,-7.04
A14,-8.04
A14,-6.68
A14,-6.69
A14,-6.07
A14,-7.69
A14,-7.13
A14,-6.07
A14,-6.19
A14,-6.39
A14,-6.64
A14,-6.16
A14,-6.3
A14,-6.3
A14,-6.59
A14,-6.09
A14,-7.29
A14,-6.31
A14,-6.89
A14,-7.57
A14,-7.5
A14,-6.39
A14,-7.08
A14,-6.63
A14,-6.36
A14,-6.6
A14,-6.04
A8,-5.92
A8,-6.0
A8,-5.99
A8,-6.27
A8,-6.79
A8,-6.98
A8,-7.2
A8,-7.5
A8,-7.74
A8,-8.27
A8,-7.77
A8,-7.23
A8,-7.23
A8,-7.49
A8,-8.27
A8,-8.77
A8,-8.78
A8,-6.95
A8,-7.2
A8,-7.0
A8,-5.73
A8,-7.54
A8,-9.62
A8,-9.43
A8,-7.44
A8,-7.51
A8,-8.58
A8,-6.64
A8,-6.69
A8,-6.0
A8,-7.95
A8,-7.78
A8,-6.26
A8,-6.08
A8,-6.51
A8,-6.75
A8,-6.2
A8,-6.23
A8,-6.53
A8,-6.52
A8,-5.99
A8,-7.69
A8,-6.07
A8,-6.65
A8,-7.22
A8,-8.42
A8,-6.24
A8,-7.44
A8,-6.47
A8,-6.48
A8,-6.77
A8,-6.03
A9,-5.98
A9,-5.93
A9,-5.91
A9,-6.14
A9,-6.63
A9,-6.91
A9,-7.13
A9,-7.4
A9,-7.64
A9,-8.06
A9,-7.65
A9,-7.11
A9,-7.16
A9,-7.37
A9,-8.35
A9,-8.6
A9,-8.44
A9,-6.89
A9,-7.16
A9,-6.88
A9,-5.68
A9,-7.44
A9,-9.35
A9,-9.37
A9,-7.35
A9,-7.42
A9,-8.32
A9,-6.69
A9,-6.63
A9,-5.93
A9,-7.97
A9,-7.59
A9,-6.34
A9,-6.25
A9,-6.43
A9,-6.66
A9,-6.21
A9,-6.17
A9,-6.55
A9,-6.46
A9,-5.9
A9,-8.05
A9,-6.11
A9,-6.82
A9,-8.19
A9,-8.21
A9,-6.2
A9,-7.58
A9,-6.4
A9,-6.4
A9,-6.65
A9,-5.94
