protein,ligand,DG,col_index,lig_num,category
A8,49_2-Aminomuconic semialdehyde,-6.52,0,49,Semialdehyde
A9,49_2-Aminomuconic semialdehyde,-6.46,0,49,Semialdehyde
A10,49_2-Aminomuconic semialdehyde,-6.38,0,49,Semialdehyde
A11,49_2-Aminomuconic semialdehyde,-6.21,0,49,Semialdehyde
A12,49_2-Aminomuconic semialdehyde,-6.47,0,49,Semialdehyde
A13,49_2-Aminomuconic semialdehyde,-6.31,0,49,Semialdehyde
A14,49_2-Aminomuconic semialdehyde,-6.59,0,49,Semialdehyde
A8,6_amylaldehyde,-6.47,1,6,Short-chain
A9,6_amylaldehyde,-6.4,1,6,Short-chain
A10,6_amylaldehyde,-6.4,1,6,Short-chain
A11,6_amylaldehyde,-6.22,1,6,Short-chain
A12,6_amylaldehyde,-6.46,1,6,Short-chain
A13,6_amylaldehyde,-6.49,1,6,Short-chain
A14,6_amylaldehyde,-6.63,1,6,Short-chain
A8,48_alpha-aminoadipate semialdehyde,-6.53,2,48,Semialdehyde
A9,48_alpha-aminoadipate semialdehyde,-6.55,2,48,Semialdehyde
A10,48_alpha-aminoadipate semialdehyde,-6.33,2,48,Semialdehyde
A11,48_alpha-aminoadipate semialdehyde,-6.42,2,48,Semialdehyde
A12,48_alpha-aminoadipate semialdehyde,-6.43,2,48,Semialdehyde
A13,48_alpha-aminoadipate semialdehyde,-6.54,2,48,Semialdehyde
A14,48_alpha-aminoadipate semialdehyde,-6.3,2,48,Semialdehyde
A8,44_glutarate semialdehyde,-6.51,3,44,Semialdehyde
A9,44_glutarate semialdehyde,-6.43,3,44,Semialdehyde
A10,44_glutarate semialdehyde,-6.51,3,44,Semialdehyde
A11,44_glutarate semialdehyde,-6.4,3,44,Semialdehyde
A12,44_glutarate semialdehyde,-6.4,3,44,Semialdehyde
A13,44_glutarate semialdehyde,-6.46,3,44,Semialdehyde
A14,44_glutarate semialdehyde,-6.39,3,44,Semialdehyde
A8,7_glutaraldehyde,-6.48,4,7,Medium-chain
A9,7_glutaraldehyde,-6.4,4,7,Medium-chain
A10,7_glutaraldehyde,-6.46,4,7,Medium-chain
A11,7_glutaraldehyde,-6.39,4,7,Medium-chain
A12,7_glutaraldehyde,-6.39,4,7,Medium-chain
A13,7_glutaraldehyde,-6.46,4,7,Medium-chain
A14,7_glutaraldehyde,-6.36,4,7,Medium-chain
A8,27_Benzaldehyde,-6.95,5,27,Aromatic
A9,27_Benzaldehyde,-6.89,5,27,Aromatic
A10,27_Benzaldehyde,-6.95,5,27,Aromatic
A11,27_Benzaldehyde,-6.58,5,27,Aromatic
A12,27_Benzaldehyde,-6.97,5,27,Aromatic
A13,27_Benzaldehyde,-6.9,5,27,Aromatic
A14,27_Benzaldehyde,-5.89,5,27,Aromatic
A8,"38_(2R)-2-[(2S,3R,4S)-3,4-Dihydroxy-5-oxo -tetrahydrofuran-2-yl]-2-hydroxy-acetaldehyde",-6.64,6,38,Aromatic
A9,"38_(2R)-2-[(2S,3R,4S)-3,4-Dihydroxy-5-oxo -tetrahydrofuran-2-yl]-2-hydroxy-acetaldehyde",-6.69,6,38,Aromatic
A10,"38_(2R)-2-[(2S,3R,4S)-3,4-Dihydroxy-5-oxo -tetrahydrofuran-2-yl]-2-hydroxy-acetaldehyde",-6.64,6,38,Aromatic
A11,"38_(2R)-2-[(2S,3R,4S)-3,4-Dihydroxy-5-oxo -tetrahydrofuran-2-yl]-2-hydroxy-acetaldehyde",-6.66,6,38,Aromatic
A12,"38_(2R)-2-[(2S,3R,4S)-3,4-Dihydroxy-5-oxo -tetrahydrofuran-2-yl]-2-hydroxy-acetaldehyde",-6.61,6,38,Aromatic
A13,"38_(2R)-2-[(2S,3R,4S)-3,4-Dihydroxy-5-oxo -tetrahydrofuran-2-yl]-2-hydroxy-acetaldehyde",-6.59,6,38,Aromatic
A14,"38_(2R)-2-[(2S,3R,4S)-3,4-Dihydroxy-5-oxo -tetrahydrofuran-2-yl]-2-hydroxy-acetaldehyde",-6.68,6,38,Aromatic
A8,45_adipate semialdehyde,-6.75,7,45,Semialdehyde
A9,45_adipate semialdehyde,-6.66,7,45,Semialdehyde
A10,45_adipate semialdehyde,-6.73,7,45,Semialdehyde
A11,45_adipate semialdehyde,-6.66,7,45,Semialdehyde
A12,45_adipate semialdehyde,-6.61,7,45,Semialdehyde
A13,45_adipate semialdehyde,-6.64,7,45,Semialdehyde
A14,45_adipate semialdehyde,-6.64,7,45,Semialdehyde
A8,39_4-nitrobenzaldehyde,-6.69,8,39,Aromatic
A9,39_4-nitrobenzaldehyde,-6.63,8,39,Aromatic
A10,39_4-nitrobenzaldehyde,-6.74,8,39,Aromatic
A11,39_4-nitrobenzaldehyde,-6.48,8,39,Aromatic
A12,39_4-nitrobenzaldehyde,-6.68,8,39,Aromatic
A13,39_4-nitrobenzaldehyde,-6.72,8,39,Aromatic
A14,39_4-nitrobenzaldehyde,-6.69,8,39,Aromatic
A8,14_trans-2-Hexenal,-6.79,9,14,"α,β-Unsaturated"
A9,14_trans-2-Hexenal,-6.63,9,14,"α,β-Unsaturated"
A10,14_trans-2-Hexenal,-6.64,9,14,"α,β-Unsaturated"
A11,14_trans-2-Hexenal,-6.4,9,14,"α,β-Unsaturated"
A12,14_trans-2-Hexenal,-6.7,9,14,"α,β-Unsaturated"
A13,14_trans-2-Hexenal,-6.76,9,14,"α,β-Unsaturated"
A14,14_trans-2-Hexenal,-6.56,9,14,"α,β-Unsaturated"
A8,8_hexanal,-6.77,10,8,Medium-chain
A9,8_hexanal,-6.65,10,8,Medium-chain
A10,8_hexanal,-6.62,10,8,Medium-chain
A11,8_hexanal,-6.48,10,8,Medium-chain
A12,8_hexanal,-6.69,10,8,Medium-chain
A13,8_hexanal,-6.75,10,8,Medium-chain
A14,8_hexanal,-6.6,10,8,Medium-chain
A8,1_formaldehyde,-5.49,11,1,Short-chain
A9,1_formaldehyde,-5.32,11,1,Short-chain
A10,1_formaldehyde,-5.46,11,1,Short-chain
A11,1_formaldehyde,-5.23,11,1,Short-chain
A12,1_formaldehyde,-5.4,11,1,Short-chain
A13,1_formaldehyde,-5.4,11,1,Short-chain
A14,1_formaldehyde,-5.42,11,1,Short-chain
A8,2_acetaldehyde,-5.73,12,2,Short-chain
A9,2_acetaldehyde,-5.68,12,2,Short-chain
A10,2_acetaldehyde,-5.72,12,2,Short-chain
A11,2_acetaldehyde,-5.65,12,2,Short-chain
A12,2_acetaldehyde,-5.68,12,2,Short-chain
A13,2_acetaldehyde,-5.73,12,2,Short-chain
A14,2_acetaldehyde,-5.63,12,2,Short-chain
A8,55_Ethanol,-5.75,13,55,Other
A9,55_Ethanol,-5.7,13,55,Other
A10,55_Ethanol,-5.72,13,55,Other
A11,55_Ethanol,-5.65,13,55,Other
A12,55_Ethanol,-5.75,13,55,Other
A13,55_Ethanol,-5.71,13,55,Other
A14,55_Ethanol,-5.78,13,55,Other
A8,43_Glutamate-1-semialdehyde,-6.08,14,43,Semialdehyde
A9,43_Glutamate-1-semialdehyde,-6.25,14,43,Semialdehyde
A10,43_Glutamate-1-semialdehyde,-6.21,14,43,Semialdehyde
A11,43_Glutamate-1-semialdehyde,-5.99,14,43,Semialdehyde
A12,43_Glutamate-1-semialdehyde,-6.26,14,43,Semialdehyde
A13,43_Glutamate-1-semialdehyde,-6.21,14,43,Semialdehyde
A14,43_Glutamate-1-semialdehyde,-6.19,14,43,Semialdehyde
A8,42_Glutamate-5-semialdehyde,-6.26,15,42,Semialdehyde
A9,42_Glutamate-5-semialdehyde,-6.34,15,42,Semialdehyde
A10,42_Glutamate-5-semialdehyde,-6.29,15,42,Semialdehyde
A11,42_Glutamate-5-semialdehyde,-6.12,15,42,Semialdehyde
A12,42_Glutamate-5-semialdehyde,-6.19,15,42,Semialdehyde
A13,42_Glutamate-5-semialdehyde,-6.24,15,42,Semialdehyde
A14,42_Glutamate-5-semialdehyde,-6.07,15,42,Semialdehyde
A8,46_Succinic semialdehyde,-6.2,16,46,Semialdehyde
A9,46_Succinic semialdehyde,-6.21,16,46,Semialdehyde
A10,46_Succinic semialdehyde,-6.24,16,46,Semialdehyde
A11,46_Succinic semialdehyde,-6.13,16,46,Semialdehyde
A12,46_Succinic semialdehyde,-6.19,16,46,Semialdehyde
A13,46_Succinic semialdehyde,-6.2,16,46,Semialdehyde
A14,46_Succinic semialdehyde,-6.16,16,46,Semialdehyde
A8,52_Triose phosphate,-6.07,17,52,Other
A9,52_Triose phosphate,-6.11,17,52,Other
A10,52_Triose phosphate,-6.06,17,52,Other
A11,52_Triose phosphate,-6.1,17,52,Other
A12,52_Triose phosphate,-6.05,17,52,Other
A13,52_Triose phosphate,-6.12,17,52,Other
A14,52_Triose phosphate,-6.31,17,52,Other
A8,47_methylmalonate semialdehyde,-6.23,18,47,Semialdehyde
A9,47_methylmalonate semialdehyde,-6.17,18,47,Semialdehyde
A10,47_methylmalonate semialdehyde,-6.23,18,47,Semialdehyde
A11,47_methylmalonate semialdehyde,-6.12,18,47,Semialdehyde
A12,47_methylmalonate semialdehyde,-6.17,18,47,Semialdehyde
A13,47_methylmalonate semialdehyde,-6.25,18,47,Semialdehyde
A14,47_methylmalonate semialdehyde,-6.3,18,47,Semialdehyde
A8,13_(2E)-but-2-enal,-6.27,19,13,"α,β-Unsaturated"
A9,13_(2E)-but-2-enal,-6.14,19,13,"α,β-Unsaturated"
A10,13_(2E)-but-2-enal,-6.21,19,13,"α,β-Unsaturated"
A11,13_(2E)-but-2-enal,-6.04,19,13,"α,β-Unsaturated"
A12,13_(2E)-but-2-enal,-6.21,19,13,"α,β-Unsaturated"
A13,13_(2E)-but-2-enal,-6.23,19,13,"α,β-Unsaturated"
A14,13_(2E)-but-2-enal,-6.33,19,13,"α,β-Unsaturated"
A8,5_butyraldehyde,-6.24,20,5,Short-chain
A9,5_butyraldehyde,-6.2,20,5,Short-chain
A10,5_butyraldehyde,-6.2,20,5,Short-chain
A11,5_butyraldehyde,-6.06,20,5,Short-chain
A12,5_butyraldehyde,-6.2,20,5,Short-chain
A13,5_butyraldehyde,-6.28,20,5,Short-chain
A14,5_butyraldehyde,-6.39,20,5,Short-chain
A8,10_4-guanidinobutyraldehyde,-5.92,21,10,Semialdehyde
A9,10_4-guanidinobutyraldehyde,-5.98,21,10,Semialdehyde
A10,10_4-guanidinobutyraldehyde,-5.81,21,10,Semialdehyde
A11,10_4-guanidinobutyraldehyde,-6.09,21,10,Semialdehyde
A12,10_4-guanidinobutyraldehyde,-5.94,21,10,Semialdehyde
A13,10_4-guanidinobutyraldehyde,-5.56,21,10,Semialdehyde
A14,10_4-guanidinobutyraldehyde,-6.1,21,10,Semialdehyde
A8,9_2-hydroxypropionaldehyde,-6.03,22,9,Short-chain
A9,9_2-hydroxypropionaldehyde,-5.94,22,9,Short-chain
A10,9_2-hydroxypropionaldehyde,-6.0,22,9,Short-chain
A11,9_2-hydroxypropionaldehyde,-5.86,22,9,Short-chain
A12,9_2-hydroxypropionaldehyde,-5.94,22,9,Short-chain
A13,9_2-hydroxypropionaldehyde,-6.02,22,9,Short-chain
A14,9_2-hydroxypropionaldehyde,-6.04,22,9,Short-chain
A8,12_prop-2-ynal,-5.99,23,12,"α,β-Unsaturated"
A9,12_prop-2-ynal,-5.91,23,12,"α,β-Unsaturated"
A10,12_prop-2-ynal,-5.92,23,12,"α,β-Unsaturated"
A11,12_prop-2-ynal,-5.82,23,12,"α,β-Unsaturated"
A12,12_prop-2-ynal,-5.96,23,12,"α,β-Unsaturated"
A13,12_prop-2-ynal,-5.96,23,12,"α,β-Unsaturated"
A14,12_prop-2-ynal,-6.06,23,12,"α,β-Unsaturated"
A8,4_malonaldehyde,-5.99,24,4,Short-chain
A9,4_malonaldehyde,-5.9,24,4,Short-chain
A10,4_malonaldehyde,-5.96,24,4,Short-chain
A11,4_malonaldehyde,-5.89,24,4,Short-chain
A12,4_malonaldehyde,-5.95,24,4,Short-chain
A13,4_malonaldehyde,-5.96,24,4,Short-chain
A14,4_malonaldehyde,-6.09,24,4,Short-chain
A8,11_prop-2-enal,-6.0,25,11,"α,β-Unsaturated"
A9,11_prop-2-enal,-5.93,25,11,"α,β-Unsaturated"
A10,11_prop-2-enal,-5.99,25,11,"α,β-Unsaturated"
A11,11_prop-2-enal,-5.86,25,11,"α,β-Unsaturated"
A12,11_prop-2-enal,-5.92,25,11,"α,β-Unsaturated"
A13,11_prop-2-enal,-5.99,25,11,"α,β-Unsaturated"
A14,11_prop-2-enal,-6.09,25,11,"α,β-Unsaturated"
A8,3_propylaldehyde,-6.0,26,3,Short-chain
A9,3_propylaldehyde,-5.93,26,3,Short-chain
A10,3_propylaldehyde,-5.96,26,3,Short-chain
A11,3_propylaldehyde,-5.84,26,3,Short-chain
A12,3_propylaldehyde,-5.92,26,3,Short-chain
A13,3_propylaldehyde,-5.96,26,3,Short-chain
A14,3_propylaldehyde,-6.07,26,3,Short-chain
A8,28_Phenylacetaldehyde,-7.2,27,28,Aromatic
A9,28_Phenylacetaldehyde,-7.16,27,28,Aromatic
A10,28_Phenylacetaldehyde,-6.98,27,28,Aromatic
A11,28_Phenylacetaldehyde,-6.78,27,28,Aromatic
A12,28_Phenylacetaldehyde,-7.15,27,28,Aromatic
A13,28_Phenylacetaldehyde,-7.29,27,28,Aromatic
A14,28_Phenylacetaldehyde,-7.33,27,28,Aromatic
A8,16_octanaldehyde,-7.2,28,16,Medium-chain
A9,16_octanaldehyde,-7.13,28,16,Medium-chain
A10,16_octanaldehyde,-7.05,28,16,Medium-chain
A11,16_octanaldehyde,-6.69,28,16,Medium-chain
A12,16_octanaldehyde,-7.14,28,16,Medium-chain
A13,16_octanaldehyde,-7.15,28,16,Medium-chain
A14,16_octanaldehyde,-7.44,28,16,Medium-chain
A8,21_cis-2-Octenal,-7.23,29,21,"α,β-Unsaturated"
A9,21_cis-2-Octenal,-7.11,29,21,"α,β-Unsaturated"
A10,21_cis-2-Octenal,-7.07,29,21,"α,β-Unsaturated"
A11,21_cis-2-Octenal,-6.69,29,21,"α,β-Unsaturated"
A12,21_cis-2-Octenal,-7.27,29,21,"α,β-Unsaturated"
A13,21_cis-2-Octenal,-7.16,29,21,"α,β-Unsaturated"
A14,21_cis-2-Octenal,-7.46,29,21,"α,β-Unsaturated"
A8,22_trans-2-Octenal,-7.23,30,22,"α,β-Unsaturated"
A9,22_trans-2-Octenal,-7.16,30,22,"α,β-Unsaturated"
A10,22_trans-2-Octenal,-7.03,30,22,"α,β-Unsaturated"
A11,22_trans-2-Octenal,-6.71,30,22,"α,β-Unsaturated"
A12,22_trans-2-Octenal,-7.29,30,22,"α,β-Unsaturated"
A13,22_trans-2-Octenal,-6.95,30,22,"α,β-Unsaturated"
A14,22_trans-2-Octenal,-7.09,30,22,"α,β-Unsaturated"
A8,37_thiobenzaldehyde,-7.22,31,37,Aromatic
A9,37_thiobenzaldehyde,-7.17,31,37,Aromatic
A10,37_thiobenzaldehyde,-7.06,31,37,Aromatic
A11,37_thiobenzaldehyde,-6.69,31,37,Aromatic
A12,37_thiobenzaldehyde,-7.11,31,37,Aromatic
A13,37_thiobenzaldehyde,-7.41,31,37,Aromatic
A14,37_thiobenzaldehyde,-6.97,31,37,Aromatic
A8,53_Pyridoxal phosphate,-6.65,32,53,Other
A9,53_Pyridoxal phosphate,-6.82,32,53,Other
A10,53_Pyridoxal phosphate,-6.68,32,53,Other
A11,53_Pyridoxal phosphate,-6.91,32,53,Other
A12,53_Pyridoxal phosphate,-7.06,32,53,Other
A13,53_Pyridoxal phosphate,-6.96,32,53,Other
A14,53_Pyridoxal phosphate,-6.89,32,53,Other
A8,15_heptanal,-6.98,33,15,Medium-chain
A9,15_heptanal,-6.91,33,15,Medium-chain
A10,15_heptanal,-6.87,33,15,Medium-chain
A11,15_heptanal,-6.63,33,15,Medium-chain
A12,15_heptanal,-6.97,33,15,Medium-chain
A13,15_heptanal,-6.98,33,15,Medium-chain
A14,15_heptanal,-7.03,33,15,Medium-chain
A8,29_Salicylaldehyde,-7.0,34,29,Aromatic
A9,29_Salicylaldehyde,-6.88,34,29,Aromatic
A10,29_Salicylaldehyde,-6.95,34,29,Aromatic
A11,29_Salicylaldehyde,-6.69,34,29,Aromatic
A12,29_Salicylaldehyde,-6.98,34,29,Aromatic
A13,29_Salicylaldehyde,-6.96,34,29,Aromatic
A14,29_Salicylaldehyde,-7.18,34,29,Aromatic
A8,35_Cinnamaldehyde,-7.51,35,35,Aromatic
A9,35_Cinnamaldehyde,-7.42,35,35,Aromatic
A10,35_Cinnamaldehyde,-6.72,35,35,Aromatic
A11,35_Cinnamaldehyde,-6.99,35,35,Aromatic
A12,35_Cinnamaldehyde,-7.54,35,35,Aromatic
A13,35_Cinnamaldehyde,-7.38,35,35,Aromatic
A14,35_Cinnamaldehyde,-7.04,35,35,Aromatic
A8,56_S-hydroxy-methylglutathione,-7.73,36,56,Other
A9,56_S-hydroxy-methylglutathione,-7.47,36,56,Other
A10,56_S-hydroxy-methylglutathione,-6.88,36,56,Other
A11,56_S-hydroxy-methylglutathione,-7.44,36,56,Other
A12,56_S-hydroxy-methylglutathione,-7.52,36,56,Other
A13,56_S-hydroxy-methylglutathione,-7.23,36,56,Other
A14,56_S-hydroxy-methylglutathione,-6.98,36,56,Other
A8,60_S-Formylglutathione,-7.44,37,60,Other
A9,60_S-Formylglutathione,-7.58,37,60,Other
A10,60_S-Formylglutathione,-7.71,37,60,Other
A11,60_S-Formylglutathione,-7.39,37,60,Other
A12,60_S-Formylglutathione,-7.52,37,60,Other
A13,60_S-Formylglutathione,-7.09,37,60,Other
A14,60_S-Formylglutathione,-7.08,37,60,Other
A8,18_decanal,-7.74,38,18,Medium-chain
A9,18_decanal,-7.64,38,18,Medium-chain
A10,18_decanal,-7.48,38,18,Medium-chain
A11,18_decanal,-6.95,38,18,Medium-chain
A12,18_decanal,-7.56,38,18,Medium-chain
A13,18_decanal,-7.38,38,18,Medium-chain
A14,18_decanal,-7.5,38,18,Medium-chain
A8,"30_(E)-3-(3,4-Dihydroxyphenyl)prop-2-enal",-7.54,39,30,Aromatic
A9,"30_(E)-3-(3,4-Dihydroxyphenyl)prop-2-enal",-7.44,39,30,Aromatic
A10,"30_(E)-3-(3,4-Dihydroxyphenyl)prop-2-enal",-7.36,39,30,Aromatic
A11,"30_(E)-3-(3,4-Dihydroxyphenyl)prop-2-enal",-7.02,39,30,Aromatic
A12,"30_(E)-3-(3,4-Dihydroxyphenyl)prop-2-enal",-7.39,39,30,Aromatic
A13,"30_(E)-3-(3,4-Dihydroxyphenyl)prop-2-enal",-7.46,39,30,Aromatic
A14,"30_(E)-3-(3,4-Dihydroxyphenyl)prop-2-enal",-7.64,39,30,Aromatic
A8,41_Indole-3-acetaldehyde,-7.78,40,41,Aromatic
A9,41_Indole-3-acetaldehyde,-7.59,40,41,Aromatic
A10,41_Indole-3-acetaldehyde,-7.43,40,41,Aromatic
A11,41_Indole-3-acetaldehyde,-7.21,40,41,Aromatic
A12,41_Indole-3-acetaldehyde,-7.62,40,41,Aromatic
A13,41_Indole-3-acetaldehyde,-7.49,40,41,Aromatic
A14,41_Indole-3-acetaldehyde,-7.13,40,41,Aromatic
A8,17_nonanal,-7.5,41,17,Medium-chain
A9,17_nonanal,-7.4,41,17,Medium-chain
A10,17_nonanal,-7.25,41,17,Medium-chain
A11,17_nonanal,-6.82,41,17,Medium-chain
A12,17_nonanal,-7.39,41,17,Medium-chain
A13,17_nonanal,-7.42,41,17,Medium-chain
A14,17_nonanal,-7.07,41,17,Medium-chain
A8,23_4-Hydroxynonenal,-7.49,42,23,"α,β-Unsaturated"
A9,23_4-Hydroxynonenal,-7.37,42,23,"α,β-Unsaturated"
A10,23_4-Hydroxynonenal,-7.42,42,23,"α,β-Unsaturated"
A11,23_4-Hydroxynonenal,-7.07,42,23,"α,β-Unsaturated"
A12,23_4-Hydroxynonenal,-7.31,42,23,"α,β-Unsaturated"
A13,23_4-Hydroxynonenal,-7.38,42,23,"α,β-Unsaturated"
A14,23_4-Hydroxynonenal,-7.06,42,23,"α,β-Unsaturated"
A8,34_4-hydroxy-2-nonenal,-7.44,43,34,"α,β-Unsaturated"
A9,34_4-hydroxy-2-nonenal,-7.35,43,34,"α,β-Unsaturated"
A10,34_4-hydroxy-2-nonenal,-7.38,43,34,"α,β-Unsaturated"
A11,34_4-hydroxy-2-nonenal,-7.06,43,34,"α,β-Unsaturated"
A12,34_4-hydroxy-2-nonenal,-7.5,43,34,"α,β-Unsaturated"
A13,34_4-hydroxy-2-nonenal,-7.4,43,34,"α,β-Unsaturated"
A14,34_4-hydroxy-2-nonenal,-7.28,43,34,"α,β-Unsaturated"
A8,"31_(2E,4E,6E,8E)-3,7-dimethyl-9-(2,6,6-trimethylcyclohexen-1-yl)nona-2,4,6,8-tetraenal",-9.62,44,31,Retinoid
A9,"31_(2E,4E,6E,8E)-3,7-dimethyl-9-(2,6,6-trimethylcyclohexen-1-yl)nona-2,4,6,8-tetraenal",-9.35,44,31,Retinoid
A10,"31_(2E,4E,6E,8E)-3,7-dimethyl-9-(2,6,6-trimethylcyclohexen-1-yl)nona-2,4,6,8-tetraenal",-9.16,44,31,Retinoid
A11,"31_(2E,4E,6E,8E)-3,7-dimethyl-9-(2,6,6-trimethylcyclohexen-1-yl)nona-2,4,6,8-tetraenal",-8.72,44,31,Retinoid
A12,"31_(2E,4E,6E,8E)-3,7-dimethyl-9-(2,6,6-trimethylcyclohexen-1-yl)nona-2,4,6,8-tetraenal",-10.45,44,31,Retinoid
A13,"31_(2E,4E,6E,8E)-3,7-dimethyl-9-(2,6,6-trimethylcyclohexen-1-yl)nona-2,4,6,8-tetraenal",-9.67,44,31,Retinoid
A14,"31_(2E,4E,6E,8E)-3,7-dimethyl-9-(2,6,6-trimethylcyclohexen-1-yl)nona-2,4,6,8-tetraenal",-9.33,44,31,Retinoid
A8,32_9-cis-Retinal,-9.43,45,32,Retinoid
A9,32_9-cis-Retinal,-9.37,45,32,Retinoid
A10,32_9-cis-Retinal,-9.55,45,32,Retinoid
A11,32_9-cis-Retinal,-8.24,45,32,Retinoid
A12,32_9-cis-Retinal,-9.81,45,32,Retinoid
A13,32_9-cis-Retinal,-9.66,45,32,Retinoid
A14,32_9-cis-Retinal,-8.82,45,32,Retinoid
A8,33_11-cis-Retinol,-9.41,46,33,Retinoid
A9,33_11-cis-Retinol,-9.14,46,33,Retinoid
A10,33_11-cis-Retinol,-8.86,46,33,Retinoid
A11,33_11-cis-Retinol,-8.06,46,33,Retinoid
A12,33_11-cis-Retinol,-9.13,46,33,Retinoid
A13,33_11-cis-Retinol,-9.57,46,33,Retinoid
A14,33_11-cis-Retinol,-8.71,46,33,Retinoid
A8,51_6R-Tetrahydrofolic acid,-7.51,47,51,Other
A9,51_6R-Tetrahydrofolic acid,-7.99,47,51,Other
A10,51_6R-Tetrahydrofolic acid,-7.91,47,51,Other
A11,51_6R-Tetrahydrofolic acid,-7.59,47,51,Other
A12,51_6R-Tetrahydrofolic acid,-8.98,47,51,Other
A13,51_6R-Tetrahydrofolic acid,-7.73,47,51,Other
A14,51_6R-Tetrahydrofolic acid,-8.44,47,51,Other
A8,20_Citral,-7.77,48,20,"α,β-Unsaturated"
A9,20_Citral,-7.65,48,20,"α,β-Unsaturated"
A10,20_Citral,-7.51,48,20,"α,β-Unsaturated"
A11,20_Citral,-7.17,48,20,"α,β-Unsaturated"
A12,20_Citral,-7.57,48,20,"α,β-Unsaturated"
A13,20_Citral,-7.82,48,20,"α,β-Unsaturated"
A14,20_Citral,-8.04,48,20,"α,β-Unsaturated"
A8,19_dodecanal,-8.27,49,19,Medium-chain
A9,19_dodecanal,-8.06,49,19,Medium-chain
A10,19_dodecanal,-7.86,49,19,Medium-chain
A11,19_dodecanal,-7.35,49,19,Medium-chain
A12,19_dodecanal,-8.08,49,19,Medium-chain
A13,19_dodecanal,-8.24,49,19,Medium-chain
A14,19_dodecanal,-7.69,49,19,Medium-chain
A8,40_Furan-2-carbaldehyde,-7.95,50,40,Aromatic
A9,40_Furan-2-carbaldehyde,-7.97,50,40,Aromatic
A10,40_Furan-2-carbaldehyde,-7.59,50,40,Aromatic
A11,40_Furan-2-carbaldehyde,-7.67,50,40,Aromatic
A12,40_Furan-2-carbaldehyde,-7.91,50,40,Aromatic
A13,40_Furan-2-carbaldehyde,-7.88,50,40,Aromatic
A14,40_Furan-2-carbaldehyde,-7.69,50,40,Aromatic
A8,58_S-(4-oxobutan-2-yl)glutathione,-8.42,51,58,Other
A9,58_S-(4-oxobutan-2-yl)glutathione,-8.21,51,58,Other
A10,58_S-(4-oxobutan-2-yl)glutathione,-8.03,51,58,Other
A11,58_S-(4-oxobutan-2-yl)glutathione,-8.21,51,58,Other
A12,58_S-(4-oxobutan-2-yl)glutathione,-8.36,51,58,Other
A13,58_S-(4-oxobutan-2-yl)glutathione,-7.76,51,58,Other
A14,58_S-(4-oxobutan-2-yl)glutathione,-7.5,51,58,Other
A8,50_10-formyltetrahydrofolate,-7.69,52,50,Other
A9,50_10-formyltetrahydrofolate,-8.05,52,50,Other
A10,50_10-formyltetrahydrofolate,-7.87,52,50,Other
A11,50_10-formyltetrahydrofolate,-8.19,52,50,Other
A12,50_10-formyltetrahydrofolate,-7.99,52,50,Other
A13,50_10-formyltetrahydrofolate,-7.29,52,50,Other
A14,50_10-formyltetrahydrofolate,-7.29,52,50,Other
A8,57_S-3-oxopropylglutathione,-7.22,53,57,Other
A9,57_S-3-oxopropylglutathione,-8.19,53,57,Other
A10,57_S-3-oxopropylglutathione,-7.5,53,57,Other
A11,57_S-3-oxopropylglutathione,-7.82,53,57,Other
A12,57_S-3-oxopropylglutathione,-8.23,53,57,Other
A13,57_S-3-oxopropylglutathione,-7.78,53,57,Other
A14,57_S-3-oxopropylglutathione,-7.57,53,57,Other
A8,59_4-Hydroxynonenal_glutathione,-8.24,54,59,Other
A9,59_4-Hydroxynonenal_glutathione,-8.61,54,59,Other
A10,59_4-Hydroxynonenal_glutathione,-8.71,54,59,Other
A11,59_4-Hydroxynonenal_glutathione,-8.9,54,59,Other
A12,59_4-Hydroxynonenal_glutathione,-8.58,54,59,Other
A13,59_4-Hydroxynonenal_glutathione,-9.14,54,59,Other
A14,59_4-Hydroxynonenal_glutathione,-8.84,54,59,Other
A8,25_hexadecanal,-8.77,55,25,Medium-chain
A9,25_hexadecanal,-8.6,55,25,Medium-chain
A10,25_hexadecanal,-7.97,55,25,Medium-chain
A11,25_hexadecanal,-7.42,55,25,Medium-chain
A12,25_hexadecanal,-9.0,55,25,Medium-chain
A13,25_hexadecanal,-9.06,55,25,Medium-chain
A14,25_hexadecanal,-8.47,55,25,Medium-chain
A8,26_trans-2-hexadecenal,-8.78,56,26,"α,β-Unsaturated"
A9,26_trans-2-hexadecenal,-8.44,56,26,"α,β-Unsaturated"
A10,26_trans-2-hexadecenal,-8.06,56,26,"α,β-Unsaturated"
A11,26_trans-2-hexadecenal,-7.38,56,26,"α,β-Unsaturated"
A12,26_trans-2-hexadecenal,-8.95,56,26,"α,β-Unsaturated"
A13,26_trans-2-hexadecenal,-8.8,56,26,"α,β-Unsaturated"
A14,26_trans-2-hexadecenal,-8.55,56,26,"α,β-Unsaturated"
A8,24_Tetradecanal,-8.27,57,24,Medium-chain
A9,24_Tetradecanal,-8.35,57,24,Medium-chain
A10,24_Tetradecanal,-8.16,57,24,Medium-chain
A11,24_Tetradecanal,-7.12,57,24,Medium-chain
A12,24_Tetradecanal,-8.58,57,24,Medium-chain
A13,24_Tetradecanal,-8.43,57,24,Medium-chain
A14,24_Tetradecanal,-7.88,57,24,Medium-chain
A8,36_3-(4-Isopropylphenyl)-2-methylpropanal,-8.58,58,36,Aromatic
A9,36_3-(4-Isopropylphenyl)-2-methylpropanal,-8.32,58,36,Aromatic
A10,36_3-(4-Isopropylphenyl)-2-methylpropanal,-8.24,58,36,Aromatic
A11,36_3-(4-Isopropylphenyl)-2-methylpropanal,-7.51,58,36,Aromatic
A12,36_3-(4-Isopropylphenyl)-2-methylpropanal,-8.45,58,36,Aromatic
A13,36_3-(4-Isopropylphenyl)-2-methylpropanal,-8.26,58,36,Aromatic
A14,36_3-(4-Isopropylphenyl)-2-methylpropanal,-8.04,58,36,Aromatic
