x,xend,y,yend
0.0,0.0,0.0,0.20174241001832055
0.0,1.0,0.20174241001832055,0.20174241001832055
1.0,1.0,0.20174241001832055,0.0
3.0,3.0,0.0,0.07348469228349462
3.0,4.0,0.07348469228349462,0.07348469228349462
4.0,4.0,0.07348469228349462,0.0
2.0,2.0,0.0,0.27652606869274826
2.0,3.5,0.27652606869274826,0.27652606869274826
3.5,3.5,0.27652606869274826,0.07348469228349462
0.5,0.5,0.20174241001832055,0.5296728550089511
0.5,2.75,0.5296728550089511,0.5296728550089511
2.75,2.75,0.5296728550089511,0.27652606869274826
6.0,6.0,0.0,0.1587450786638761
6.0,7.0,0.1587450786638761,0.1587450786638761
7.0,7.0,0.1587450786638761,0.0
9.0,9.0,0.0,0.09695359714832671
9.0,10.0,0.09695359714832671,0.09695359714832671
10.0,10.0,0.09695359714832671,0.0
8.0,8.0,0.0,0.21740898478827156
8.0,9.5,0.21740898478827156,0.21740898478827156
9.5,9.5,0.21740898478827156,0.09695359714832671
6.5,6.5,0.1587450786638761,0.4165253093550656
6.5,8.75,0.4165253093550656,0.4165253093550656
8.75,8.75,0.4165253093550656,0.21740898478827156
5.0,5.0,0.0,1.2098099024226907
5.0,7.625,1.2098099024226907,1.2098099024226907
7.625,7.625,1.2098099024226907,0.4165253093550656
1.625,1.625,0.5296728550089511,1.5213116350403333
1.625,6.3125,1.5213116350403333,1.5213116350403333
6.3125,6.3125,1.5213116350403333,1.2098099024226907
12.0,12.0,0.0,0.16911534525287814
12.0,13.0,0.16911534525287814,0.16911534525287814
13.0,13.0,0.16911534525287814,0.0
11.0,11.0,0.0,0.9840392946083669
11.0,12.5,0.9840392946083669,0.9840392946083669
12.5,12.5,0.9840392946083669,0.16911534525287814
15.0,15.0,0.0,0.181107702762748
15.0,16.0,0.181107702762748,0.181107702762748
16.0,16.0,0.181107702762748,0.0
14.0,14.0,0.0,0.2708012801545317
14.0,15.5,0.2708012801545317,0.2708012801545317
15.5,15.5,0.2708012801545317,0.181107702762748
19.0,19.0,0.0,0.1058300524425833
19.0,20.0,0.1058300524425833,0.1058300524425833
20.0,20.0,0.1058300524425833,0.0
18.0,18.0,0.0,0.12110601416389995
18.0,19.5,0.12110601416389995,0.12110601416389995
19.5,19.5,0.12110601416389995,0.1058300524425833
17.0,17.0,0.0,0.383905370284571
17.0,18.75,0.383905370284571,0.383905370284571
18.75,18.75,0.383905370284571,0.12110601416389995
14.75,14.75,0.2708012801545317,0.447072487996979
14.75,17.875,0.447072487996979,0.447072487996979
17.875,17.875,0.447072487996979,0.383905370284571
25.0,25.0,0.0,0.05099019513592815
25.0,26.0,0.05099019513592815,0.05099019513592815
26.0,26.0,0.05099019513592815,0.0
24.0,24.0,0.0,0.07348469228349482
24.0,25.5,0.07348469228349482,0.07348469228349482
25.5,25.5,0.07348469228349482,0.05099019513592815
23.0,23.0,0.0,0.09539392014169452
23.0,24.75,0.09539392014169452,0.09539392014169452
24.75,24.75,0.09539392014169452,0.07348469228349482
22.0,22.0,0.0,0.11144505372604008
22.0,23.875,0.11144505372604008,0.11144505372604008
23.875,23.875,0.11144505372604008,0.09539392014169452
21.0,21.0,0.0,0.6655173426240175
21.0,22.9375,0.6655173426240175,0.6655173426240175
22.9375,22.9375,0.6655173426240175,0.11144505372604008
16.3125,16.3125,0.447072487996979,1.6212631307699992
16.3125,21.96875,1.6212631307699992,1.6212631307699992
21.96875,21.96875,1.6212631307699992,0.6655173426240175
11.75,11.75,0.9840392946083669,2.8187620600685768
11.75,19.140625,2.8187620600685768,2.8187620600685768
19.140625,19.140625,2.8187620600685768,1.6212631307699992
3.96875,3.96875,1.5213116350403333,5.477700727581122
3.96875,15.4453125,5.477700727581122,5.477700727581122
15.4453125,15.4453125,5.477700727581122,2.8187620600685768
28.0,28.0,0.0,0.1382027496108524
28.0,29.0,0.1382027496108524,0.1382027496108524
29.0,29.0,0.1382027496108524,0.0
27.0,27.0,0.0,0.26324893162176316
27.0,28.5,0.26324893162176316,0.26324893162176316
28.5,28.5,0.26324893162176316,0.1382027496108524
30.0,30.0,0.0,0.5098038838612353
30.0,31.0,0.5098038838612353,0.5098038838612353
31.0,31.0,0.5098038838612353,0.0
27.75,27.75,0.26324893162176316,0.5934475545488418
27.75,30.5,0.5934475545488418,0.5934475545488418
30.5,30.5,0.5934475545488418,0.5098038838612353
33.0,33.0,0.0,0.1852025917745212
33.0,34.0,0.1852025917745212,0.1852025917745212
34.0,34.0,0.1852025917745212,0.0
32.0,32.0,0.0,0.6220128616033596
32.0,33.5,0.6220128616033596,0.6220128616033596
33.5,33.5,0.6220128616033596,0.1852025917745212
29.125,29.125,0.5934475545488418,1.1795740756730797
29.125,32.75,1.1795740756730797,1.1795740756730797
32.75,32.75,1.1795740756730797,0.6220128616033596
35.0,35.0,0.0,0.5527205442174195
35.0,36.0,0.5527205442174195,0.5527205442174195
36.0,36.0,0.5527205442174195,0.0
38.0,38.0,0.0,0.39268307832143673
38.0,39.0,0.39268307832143673,0.39268307832143673
39.0,39.0,0.39268307832143673,0.0
42.0,42.0,0.0,0.2991655060330326
42.0,43.0,0.2991655060330326,0.2991655060330326
43.0,43.0,0.2991655060330326,0.0
41.0,41.0,0.0,0.3586548944784289
41.0,42.5,0.3586548944784289,0.3586548944784289
42.5,42.5,0.3586548944784289,0.2991655060330326
40.0,40.0,0.0,0.6163738043319709
40.0,41.75,0.6163738043319709,0.6163738043319709
41.75,41.75,0.6163738043319709,0.3586548944784289
38.5,38.5,0.39268307832143673,0.7580127527511216
38.5,40.875,0.7580127527511216,0.7580127527511216
40.875,40.875,0.7580127527511216,0.6163738043319709
37.0,37.0,0.0,0.8554837116815144
37.0,39.6875,0.8554837116815144,0.8554837116815144
39.6875,39.6875,0.8554837116815144,0.7580127527511216
35.5,35.5,0.5527205442174195,1.2368925477191521
35.5,38.34375,1.2368925477191521,1.2368925477191521
38.34375,38.34375,1.2368925477191521,0.8554837116815144
30.9375,30.9375,1.1795740756730797,2.7173366490098867
30.9375,36.921875,2.7173366490098867,2.7173366490098867
36.921875,36.921875,2.7173366490098867,1.2368925477191521
45.0,45.0,0.0,1.0219589032832974
45.0,46.0,1.0219589032832974,1.0219589032832974
46.0,46.0,1.0219589032832974,0.0
44.0,44.0,0.0,1.487100086297712
44.0,45.5,1.487100086297712,1.487100086297712
45.5,45.5,1.487100086297712,1.0219589032832974
49.0,49.0,0.0,0.6665583245298197
49.0,50.0,0.6665583245298197,0.6665583245298197
50.0,50.0,0.6665583245298197,0.0
48.0,48.0,0.0,1.014149890302217
48.0,49.5,1.014149890302217,1.014149890302217
49.5,49.5,1.014149890302217,0.6665583245298197
52.0,52.0,0.0,0.9436100889668361
52.0,53.0,0.9436100889668361,0.9436100889668361
53.0,53.0,0.9436100889668361,0.0
51.0,51.0,0.0,1.2745718235287222
51.0,52.5,1.2745718235287222,1.2745718235287222
52.5,52.5,1.2745718235287222,0.9436100889668361
48.75,48.75,1.014149890302217,1.7067610650976706
48.75,51.75,1.7067610650976706,1.7067610650976706
51.75,51.75,1.7067610650976706,1.2745718235287222
47.0,47.0,0.0,1.7434216494064327
47.0,50.25,1.7434216494064327,1.7434216494064327
50.25,50.25,1.7434216494064327,1.7067610650976706
55.0,55.0,0.0,0.33451457367355486
55.0,56.0,0.33451457367355486,0.33451457367355486
56.0,56.0,0.33451457367355486,0.0
57.0,57.0,0.0,0.5717516943569122
57.0,58.0,0.5717516943569122,0.5717516943569122
58.0,58.0,0.5717516943569122,0.0
55.5,55.5,0.33451457367355486,1.4522396496446457
55.5,57.5,1.4522396496446457,1.4522396496446457
57.5,57.5,1.4522396496446457,0.5717516943569122
54.0,54.0,0.0,2.3836023158236785
54.0,56.5,2.3836023158236785,2.3836023158236785
56.5,56.5,2.3836023158236785,1.4522396496446457
48.625,48.625,1.7434216494064327,3.8149907320613883
48.625,55.25,3.8149907320613883,3.8149907320613883
55.25,55.25,3.8149907320613883,2.3836023158236785
44.75,44.75,1.487100086297712,6.921156936042798
44.75,51.9375,6.921156936042798,6.921156936042798
51.9375,51.9375,6.921156936042798,3.8149907320613883
33.9296875,33.9296875,2.7173366490098867,11.794057302178027
33.9296875,48.34375,11.794057302178027,11.794057302178027
48.34375,48.34375,11.794057302178027,6.921156936042798
9.70703125,9.70703125,5.477700727581122,21.572815870646696
9.70703125,41.13671875,21.572815870646696,21.572815870646696
41.13671875,41.13671875,21.572815870646696,11.794057302178027
