protein,ligand,distance,DG,quad
A10,10_4-guanidinobutyraldehyde,2.512,-5.81,Productive low-affinity
A10,11_prop-2-enal,2.448,-5.99,Productive low-affinity
A10,12_prop-2-ynal,2.068,-5.92,Productive low-affinity
A10,13_(2E)-but-2-enal,1.927,-6.21,Productive low-affinity
A10,14_trans-2-Hexenal,2.231,-6.64,Productive low-affinity
A10,15_heptanal,2.256,-6.87,Productive low-affinity
A10,16_octanaldehyde,1.351,-7.05,Productive high-affinity
A10,17_nonanal,1.559,-7.25,Productive high-affinity
A10,18_decanal,1.787,-7.48,Productive high-affinity
A10,19_dodecanal,1.816,-7.86,Productive high-affinity
A10,20_Citral,1.263,-7.51,Productive high-affinity
A10,21_cis-2-Octenal,2.017,-7.07,Productive high-affinity
A10,22_trans-2-Octenal,1.633,-7.03,Productive high-affinity
A10,23_4-Hydroxynonenal,5.897,-7.42,High-affinity non-productive
A10,24_Tetradecanal,1.39,-8.16,Productive high-affinity
A10,25_hexadecanal,1.95,-7.97,Productive high-affinity
A10,26_trans-2-hexadecenal,1.38,-8.06,Productive high-affinity
A10,27_Benzaldehyde,1.7,-6.95,Productive low-affinity
A10,28_Phenylacetaldehyde,15.207,-6.98,Neither
A10,29_Salicylaldehyde,1.738,-6.95,Productive low-affinity
A10,2_acetaldehyde,1.861,-5.72,Productive low-affinity
A10,"30_(E)-3-(3,4-Dihydroxyphenyl)prop-2-enal",1.973,-7.36,Productive high-affinity
A10,"31_(2E,4E,6E,8E)-3,7-dimethyl-9-(2,6,6-trimethylcyclohexen-1-yl)nona-2,4,6,8-tetraenal",1.978,-9.16,Productive high-affinity
A10,32_9-cis-Retinal,3.713,-9.55,Productive high-affinity
A10,34_4-hydroxy-2-nonenal,3.489,-7.38,Productive high-affinity
A10,35_Cinnamaldehyde,47.32,-6.72,Neither
A10,36_3-(4-Isopropylphenyl)-2-methylpropanal,1.791,-8.24,Productive high-affinity
A10,"38_(2R)-2-[(2S,3R,4S)-3,4-Dihydroxy-5-oxo -tetrahydrofuran-2-yl]-2-hydroxy-acetaldehyde",3.089,-6.64,Productive low-affinity
A10,39_4-nitrobenzaldehyde,2.586,-6.74,Productive low-affinity
A10,3_propylaldehyde,2.424,-5.96,Productive low-affinity
A10,40_Furan-2-carbaldehyde,11.451,-7.59,High-affinity non-productive
A10,41_Indole-3-acetaldehyde,10.463,-7.43,High-affinity non-productive
A10,42_Glutamate-5-semialdehyde,5.858,-6.29,Neither
A10,43_Glutamate-1-semialdehyde,1.72,-6.21,Productive low-affinity
A10,44_glutarate semialdehyde,5.503,-6.51,Neither
A10,45_adipate semialdehyde,3.06,-6.73,Productive low-affinity
A10,46_Succinic semialdehyde,4.616,-6.24,Neither
A10,47_methylmalonate semialdehyde,2.481,-6.23,Productive low-affinity
A10,48_alpha-aminoadipate semialdehyde,2.954,-6.33,Productive low-affinity
A10,49_2-Aminomuconic semialdehyde,7.093,-6.38,Neither
A10,4_malonaldehyde,2.064,-5.96,Productive low-affinity
A10,50_10-formyltetrahydrofolate,14.232,-7.87,High-affinity non-productive
A10,52_Triose phosphate,4.336,-6.06,Neither
A10,53_Pyridoxal phosphate,15.479,-6.68,Neither
A10,57_S-3-oxopropylglutathione,5.404,-7.5,High-affinity non-productive
A10,58_S-(4-oxobutan-2-yl)glutathione,2.767,-8.03,Productive high-affinity
A10,5_butyraldehyde,1.949,-6.2,Productive low-affinity
A10,60_S-Formylglutathione,5.146,-7.71,High-affinity non-productive
A10,6_amylaldehyde,2.105,-6.4,Productive low-affinity
A10,7_glutaraldehyde,5.556,-6.46,Neither
A10,8_hexanal,2.264,-6.62,Productive low-affinity
A10,9_2-hydroxypropionaldehyde,1.64,-6.0,Productive low-affinity
A11,10_4-guanidinobutyraldehyde,1.814,-6.09,Productive low-affinity
A11,11_prop-2-enal,1.806,-5.86,Productive low-affinity
A11,12_prop-2-ynal,2.21,-5.82,Productive low-affinity
A11,13_(2E)-but-2-enal,2.094,-6.04,Productive low-affinity
A11,14_trans-2-Hexenal,2.049,-6.4,Productive low-affinity
A11,15_heptanal,2.062,-6.63,Productive low-affinity
A11,16_octanaldehyde,2.169,-6.69,Productive low-affinity
A11,17_nonanal,2.178,-6.82,Productive low-affinity
A11,18_decanal,1.678,-6.95,Productive low-affinity
A11,19_dodecanal,2.239,-7.35,Productive high-affinity
A11,20_Citral,1.886,-7.17,Productive high-affinity
A11,21_cis-2-Octenal,1.463,-6.69,Productive low-affinity
A11,22_trans-2-Octenal,2.219,-6.71,Productive low-affinity
A11,23_4-Hydroxynonenal,2.8,-7.07,Productive high-affinity
A11,24_Tetradecanal,2.228,-7.12,Productive high-affinity
A11,25_hexadecanal,1.816,-7.42,Productive high-affinity
A11,26_trans-2-hexadecenal,1.929,-7.38,Productive high-affinity
A11,27_Benzaldehyde,1.871,-6.58,Productive low-affinity
A11,28_Phenylacetaldehyde,2.266,-6.78,Productive low-affinity
A11,29_Salicylaldehyde,2.207,-6.69,Productive low-affinity
A11,2_acetaldehyde,2.21,-5.65,Productive low-affinity
A11,"30_(E)-3-(3,4-Dihydroxyphenyl)prop-2-enal",8.187,-7.02,High-affinity non-productive
A11,"31_(2E,4E,6E,8E)-3,7-dimethyl-9-(2,6,6-trimethylcyclohexen-1-yl)nona-2,4,6,8-tetraenal",3.488,-8.72,Productive high-affinity
A11,32_9-cis-Retinal,1.863,-8.24,Productive high-affinity
A11,34_4-hydroxy-2-nonenal,2.77,-7.06,Productive high-affinity
A11,35_Cinnamaldehyde,2.57,-6.99,Productive low-affinity
A11,36_3-(4-Isopropylphenyl)-2-methylpropanal,1.591,-7.51,Productive high-affinity
A11,"38_(2R)-2-[(2S,3R,4S)-3,4-Dihydroxy-5-oxo -tetrahydrofuran-2-yl]-2-hydroxy-acetaldehyde",3.602,-6.66,Productive low-affinity
A11,39_4-nitrobenzaldehyde,2.212,-6.48,Productive low-affinity
A11,3_propylaldehyde,2.102,-5.84,Productive low-affinity
A11,40_Furan-2-carbaldehyde,11.223,-7.67,High-affinity non-productive
A11,41_Indole-3-acetaldehyde,2.22,-7.21,Productive high-affinity
A11,42_Glutamate-5-semialdehyde,6.251,-6.12,Neither
A11,43_Glutamate-1-semialdehyde,1.815,-5.99,Productive low-affinity
A11,44_glutarate semialdehyde,3.256,-6.4,Productive low-affinity
A11,45_adipate semialdehyde,3.276,-6.66,Productive low-affinity
A11,46_Succinic semialdehyde,3.365,-6.13,Productive low-affinity
A11,47_methylmalonate semialdehyde,2.592,-6.12,Productive low-affinity
A11,48_alpha-aminoadipate semialdehyde,7.442,-6.42,Neither
A11,49_2-Aminomuconic semialdehyde,6.893,-6.21,Neither
A11,4_malonaldehyde,2.931,-5.89,Productive low-affinity
A11,50_10-formyltetrahydrofolate,14.839,-8.19,High-affinity non-productive
A11,52_Triose phosphate,4.606,-6.1,Neither
A11,53_Pyridoxal phosphate,12.414,-6.91,Neither
A11,57_S-3-oxopropylglutathione,9.74,-7.82,High-affinity non-productive
A11,58_S-(4-oxobutan-2-yl)glutathione,5.484,-8.21,High-affinity non-productive
A11,5_butyraldehyde,2.284,-6.06,Productive low-affinity
A11,60_S-Formylglutathione,4.758,-7.39,High-affinity non-productive
A11,6_amylaldehyde,2.111,-6.22,Productive low-affinity
A11,7_glutaraldehyde,2.143,-6.39,Productive low-affinity
A11,8_hexanal,1.987,-6.48,Productive low-affinity
A11,9_2-hydroxypropionaldehyde,1.635,-5.86,Productive low-affinity
A12,10_4-guanidinobutyraldehyde,5.565,-5.94,Neither
A12,11_prop-2-enal,5.168,-5.92,Neither
A12,12_prop-2-ynal,5.534,-5.96,Neither
A12,13_(2E)-but-2-enal,5.528,-6.21,Neither
A12,14_trans-2-Hexenal,5.344,-6.7,Neither
A12,15_heptanal,5.407,-6.97,Neither
A12,16_octanaldehyde,5.564,-7.14,High-affinity non-productive
A12,17_nonanal,5.572,-7.39,High-affinity non-productive
A12,18_decanal,5.686,-7.56,High-affinity non-productive
A12,19_dodecanal,5.389,-8.08,High-affinity non-productive
A12,20_Citral,5.838,-7.57,High-affinity non-productive
A12,21_cis-2-Octenal,5.613,-7.27,High-affinity non-productive
A12,22_trans-2-Octenal,5.444,-7.29,High-affinity non-productive
A12,23_4-Hydroxynonenal,5.506,-7.31,High-affinity non-productive
A12,24_Tetradecanal,5.57,-8.58,High-affinity non-productive
A12,25_hexadecanal,5.502,-9.0,High-affinity non-productive
A12,26_trans-2-hexadecenal,5.742,-8.95,High-affinity non-productive
A12,27_Benzaldehyde,5.01,-6.97,Neither
A12,28_Phenylacetaldehyde,4.951,-7.15,High-affinity non-productive
A12,29_Salicylaldehyde,4.824,-6.98,Neither
A12,2_acetaldehyde,5.165,-5.68,Neither
A12,"30_(E)-3-(3,4-Dihydroxyphenyl)prop-2-enal",5.817,-7.39,High-affinity non-productive
A12,"31_(2E,4E,6E,8E)-3,7-dimethyl-9-(2,6,6-trimethylcyclohexen-1-yl)nona-2,4,6,8-tetraenal",5.763,-10.45,High-affinity non-productive
A12,32_9-cis-Retinal,5.564,-9.81,High-affinity non-productive
A12,34_4-hydroxy-2-nonenal,6.785,-7.5,High-affinity non-productive
A12,35_Cinnamaldehyde,5.472,-7.54,High-affinity non-productive
A12,36_3-(4-Isopropylphenyl)-2-methylpropanal,5.098,-8.45,High-affinity non-productive
A12,"38_(2R)-2-[(2S,3R,4S)-3,4-Dihydroxy-5-oxo -tetrahydrofuran-2-yl]-2-hydroxy-acetaldehyde",5.455,-6.61,Neither
A12,39_4-nitrobenzaldehyde,5.767,-6.68,Neither
A12,3_propylaldehyde,5.145,-5.92,Neither
A12,40_Furan-2-carbaldehyde,5.11,-7.91,High-affinity non-productive
A12,41_Indole-3-acetaldehyde,5.292,-7.62,High-affinity non-productive
A12,42_Glutamate-5-semialdehyde,1.536,-6.19,Productive low-affinity
A12,43_Glutamate-1-semialdehyde,5.41,-6.26,Neither
A12,44_glutarate semialdehyde,1.645,-6.4,Productive low-affinity
A12,45_adipate semialdehyde,1.862,-6.61,Productive low-affinity
A12,46_Succinic semialdehyde,2.357,-6.19,Productive low-affinity
A12,47_methylmalonate semialdehyde,3.169,-6.17,Productive low-affinity
A12,48_alpha-aminoadipate semialdehyde,2.138,-6.43,Productive low-affinity
A12,49_2-Aminomuconic semialdehyde,1.965,-6.47,Productive low-affinity
A12,4_malonaldehyde,3.096,-5.95,Productive low-affinity
A12,50_10-formyltetrahydrofolate,14.408,-7.99,High-affinity non-productive
A12,52_Triose phosphate,2.02,-6.05,Productive low-affinity
A12,53_Pyridoxal phosphate,3.85,-7.06,Productive high-affinity
A12,57_S-3-oxopropylglutathione,6.977,-8.23,High-affinity non-productive
A12,58_S-(4-oxobutan-2-yl)glutathione,6.553,-8.36,High-affinity non-productive
A12,5_butyraldehyde,5.222,-6.2,Neither
A12,60_S-Formylglutathione,6.213,-7.52,High-affinity non-productive
A12,6_amylaldehyde,5.572,-6.46,Neither
A12,7_glutaraldehyde,1.605,-6.39,Productive low-affinity
A12,8_hexanal,5.566,-6.69,Neither
A12,9_2-hydroxypropionaldehyde,5.158,-5.94,Neither
A13,10_4-guanidinobutyraldehyde,8.034,-5.56,Neither
A13,11_prop-2-enal,4.42,-5.99,Neither
A13,12_prop-2-ynal,3.631,-5.96,Productive low-affinity
A13,13_(2E)-but-2-enal,3.778,-6.23,Productive low-affinity
A13,14_trans-2-Hexenal,3.023,-6.76,Productive low-affinity
A13,15_heptanal,7.961,-6.98,Neither
A13,16_octanaldehyde,1.92,-7.15,Productive high-affinity
A13,17_nonanal,7.132,-7.42,High-affinity non-productive
A13,18_decanal,1.302,-7.38,Productive high-affinity
A13,19_dodecanal,6.945,-8.24,High-affinity non-productive
A13,20_Citral,3.119,-7.82,Productive high-affinity
A13,21_cis-2-Octenal,3.253,-7.16,Productive high-affinity
A13,22_trans-2-Octenal,1.382,-6.95,Productive low-affinity
A13,23_4-Hydroxynonenal,11.468,-7.38,High-affinity non-productive
A13,24_Tetradecanal,7.434,-8.43,High-affinity non-productive
A13,25_hexadecanal,2.092,-9.06,Productive high-affinity
A13,26_trans-2-hexadecenal,5.451,-8.8,High-affinity non-productive
A13,27_Benzaldehyde,4.134,-6.9,Neither
A13,28_Phenylacetaldehyde,2.953,-7.29,Productive high-affinity
A13,29_Salicylaldehyde,6.249,-6.96,Neither
A13,2_acetaldehyde,3.418,-5.73,Productive low-affinity
A13,"30_(E)-3-(3,4-Dihydroxyphenyl)prop-2-enal",8.782,-7.46,High-affinity non-productive
A13,"31_(2E,4E,6E,8E)-3,7-dimethyl-9-(2,6,6-trimethylcyclohexen-1-yl)nona-2,4,6,8-tetraenal",8.769,-9.67,High-affinity non-productive
A13,32_9-cis-Retinal,2.954,-9.66,Productive high-affinity
A13,34_4-hydroxy-2-nonenal,6.727,-7.4,High-affinity non-productive
A13,35_Cinnamaldehyde,8.499,-7.38,High-affinity non-productive
A13,36_3-(4-Isopropylphenyl)-2-methylpropanal,14.103,-8.26,High-affinity non-productive
A13,"38_(2R)-2-[(2S,3R,4S)-3,4-Dihydroxy-5-oxo -tetrahydrofuran-2-yl]-2-hydroxy-acetaldehyde",3.078,-6.59,Productive low-affinity
A13,39_4-nitrobenzaldehyde,3.057,-6.72,Productive low-affinity
A13,3_propylaldehyde,4.039,-5.96,Neither
A13,40_Furan-2-carbaldehyde,13.516,-7.88,High-affinity non-productive
A13,41_Indole-3-acetaldehyde,3.56,-7.49,Productive high-affinity
A13,42_Glutamate-5-semialdehyde,2.854,-6.24,Productive low-affinity
A13,43_Glutamate-1-semialdehyde,7.377,-6.21,Neither
A13,44_glutarate semialdehyde,2.972,-6.46,Productive low-affinity
A13,45_adipate semialdehyde,4.305,-6.64,Neither
A13,46_Succinic semialdehyde,3.118,-6.2,Productive low-affinity
A13,47_methylmalonate semialdehyde,5.025,-6.25,Neither
A13,48_alpha-aminoadipate semialdehyde,2.762,-6.54,Productive low-affinity
A13,49_2-Aminomuconic semialdehyde,2.951,-6.31,Productive low-affinity
A13,4_malonaldehyde,3.428,-5.96,Productive low-affinity
A13,50_10-formyltetrahydrofolate,6.739,-7.29,High-affinity non-productive
A13,52_Triose phosphate,4.428,-6.12,Neither
A13,53_Pyridoxal phosphate,14.125,-6.96,Neither
A13,57_S-3-oxopropylglutathione,2.628,-7.78,Productive high-affinity
A13,58_S-(4-oxobutan-2-yl)glutathione,11.799,-7.76,High-affinity non-productive
A13,5_butyraldehyde,3.647,-6.28,Productive low-affinity
A13,60_S-Formylglutathione,2.979,-7.09,Productive high-affinity
A13,6_amylaldehyde,6.314,-6.49,Neither
A13,7_glutaraldehyde,7.758,-6.46,Neither
A13,8_hexanal,6.478,-6.75,Neither
A13,9_2-hydroxypropionaldehyde,3.096,-6.02,Productive low-affinity
A14,10_4-guanidinobutyraldehyde,2.998,-6.1,Productive low-affinity
A14,11_prop-2-enal,1.267,-6.09,Productive low-affinity
A14,12_prop-2-ynal,2.223,-6.06,Productive low-affinity
A14,13_(2E)-but-2-enal,1.931,-6.33,Productive low-affinity
A14,14_trans-2-Hexenal,4.354,-6.56,Neither
A14,15_heptanal,1.85,-7.03,Productive high-affinity
A14,16_octanaldehyde,3.046,-7.44,Productive high-affinity
A14,17_nonanal,9.877,-7.07,High-affinity non-productive
A14,18_decanal,2.565,-7.5,Productive high-affinity
A14,19_dodecanal,4.425,-7.69,High-affinity non-productive
A14,20_Citral,3.88,-8.04,Productive high-affinity
A14,21_cis-2-Octenal,5.449,-7.46,High-affinity non-productive
A14,22_trans-2-Octenal,2.298,-7.09,Productive high-affinity
A14,23_4-Hydroxynonenal,10.293,-7.06,High-affinity non-productive
A14,24_Tetradecanal,10.1,-7.88,High-affinity non-productive
A14,25_hexadecanal,6.389,-8.47,High-affinity non-productive
A14,26_trans-2-hexadecenal,4.645,-8.55,High-affinity non-productive
A14,27_Benzaldehyde,34.477,-5.89,Neither
A14,28_Phenylacetaldehyde,2.581,-7.33,Productive high-affinity
A14,29_Salicylaldehyde,4.199,-7.18,High-affinity non-productive
A14,2_acetaldehyde,9.882,-5.63,Neither
A14,"30_(E)-3-(3,4-Dihydroxyphenyl)prop-2-enal",7.302,-7.64,High-affinity non-productive
A14,"31_(2E,4E,6E,8E)-3,7-dimethyl-9-(2,6,6-trimethylcyclohexen-1-yl)nona-2,4,6,8-tetraenal",5.69,-9.33,High-affinity non-productive
A14,32_9-cis-Retinal,8.761,-8.82,High-affinity non-productive
A14,34_4-hydroxy-2-nonenal,2.277,-7.28,Productive high-affinity
A14,35_Cinnamaldehyde,11.804,-7.04,High-affinity non-productive
A14,36_3-(4-Isopropylphenyl)-2-methylpropanal,11.392,-8.04,High-affinity non-productive
A14,"38_(2R)-2-[(2S,3R,4S)-3,4-Dihydroxy-5-oxo -tetrahydrofuran-2-yl]-2-hydroxy-acetaldehyde",3.645,-6.68,Productive low-affinity
A14,39_4-nitrobenzaldehyde,2.895,-6.69,Productive low-affinity
A14,3_propylaldehyde,1.109,-6.07,Productive low-affinity
A14,40_Furan-2-carbaldehyde,10.24,-7.69,High-affinity non-productive
A14,41_Indole-3-acetaldehyde,11.081,-7.13,High-affinity non-productive
A14,42_Glutamate-5-semialdehyde,8.23,-6.07,Neither
A14,43_Glutamate-1-semialdehyde,4.089,-6.19,Neither
A14,44_glutarate semialdehyde,6.654,-6.39,Neither
A14,45_adipate semialdehyde,5.663,-6.64,Neither
A14,46_Succinic semialdehyde,4.247,-6.16,Neither
A14,47_methylmalonate semialdehyde,2.904,-6.3,Productive low-affinity
A14,48_alpha-aminoadipate semialdehyde,9.599,-6.3,Neither
A14,49_2-Aminomuconic semialdehyde,3.458,-6.59,Productive low-affinity
A14,4_malonaldehyde,2.983,-6.09,Productive low-affinity
A14,50_10-formyltetrahydrofolate,14.252,-7.29,High-affinity non-productive
A14,52_Triose phosphate,8.896,-6.31,Neither
A14,53_Pyridoxal phosphate,12.748,-6.89,Neither
A14,57_S-3-oxopropylglutathione,2.991,-7.57,Productive high-affinity
A14,58_S-(4-oxobutan-2-yl)glutathione,15.727,-7.5,High-affinity non-productive
A14,5_butyraldehyde,0.95,-6.39,Productive low-affinity
A14,60_S-Formylglutathione,4.527,-7.08,High-affinity non-productive
A14,6_amylaldehyde,1.828,-6.63,Productive low-affinity
A14,7_glutaraldehyde,7.531,-6.36,Neither
A14,8_hexanal,3.84,-6.6,Productive low-affinity
A14,9_2-hydroxypropionaldehyde,1.904,-6.04,Productive low-affinity
A8,10_4-guanidinobutyraldehyde,2.365,-5.92,Productive low-affinity
A8,11_prop-2-enal,2.256,-6.0,Productive low-affinity
A8,12_prop-2-ynal,2.056,-5.99,Productive low-affinity
A8,13_(2E)-but-2-enal,1.94,-6.27,Productive low-affinity
A8,14_trans-2-Hexenal,1.88,-6.79,Productive low-affinity
A8,15_heptanal,1.96,-6.98,Productive low-affinity
A8,16_octanaldehyde,2.059,-7.2,Productive high-affinity
A8,17_nonanal,1.647,-7.5,Productive high-affinity
A8,18_decanal,2.0,-7.74,Productive high-affinity
A8,19_dodecanal,2.514,-8.27,Productive high-affinity
A8,20_Citral,1.592,-7.77,Productive high-affinity
A8,21_cis-2-Octenal,1.686,-7.23,Productive high-affinity
A8,22_trans-2-Octenal,1.858,-7.23,Productive high-affinity
A8,23_4-Hydroxynonenal,2.134,-7.49,Productive high-affinity
A8,24_Tetradecanal,2.096,-8.27,Productive high-affinity
A8,25_hexadecanal,2.266,-8.77,Productive high-affinity
A8,26_trans-2-hexadecenal,2.274,-8.78,Productive high-affinity
A8,27_Benzaldehyde,3.056,-6.95,Productive low-affinity
A8,28_Phenylacetaldehyde,2.829,-7.2,Productive high-affinity
A8,29_Salicylaldehyde,2.656,-7.0,Productive high-affinity
A8,2_acetaldehyde,2.462,-5.73,Productive low-affinity
A8,"30_(E)-3-(3,4-Dihydroxyphenyl)prop-2-enal",7.729,-7.54,High-affinity non-productive
A8,"31_(2E,4E,6E,8E)-3,7-dimethyl-9-(2,6,6-trimethylcyclohexen-1-yl)nona-2,4,6,8-tetraenal",2.084,-9.62,Productive high-affinity
A8,32_9-cis-Retinal,2.399,-9.43,Productive high-affinity
A8,34_4-hydroxy-2-nonenal,2.069,-7.44,Productive high-affinity
A8,35_Cinnamaldehyde,1.949,-7.51,Productive high-affinity
A8,36_3-(4-Isopropylphenyl)-2-methylpropanal,1.594,-8.58,Productive high-affinity
A8,"38_(2R)-2-[(2S,3R,4S)-3,4-Dihydroxy-5-oxo -tetrahydrofuran-2-yl]-2-hydroxy-acetaldehyde",3.249,-6.64,Productive low-affinity
A8,39_4-nitrobenzaldehyde,2.146,-6.69,Productive low-affinity
A8,3_propylaldehyde,2.031,-6.0,Productive low-affinity
A8,40_Furan-2-carbaldehyde,1.747,-7.95,Productive high-affinity
A8,41_Indole-3-acetaldehyde,2.907,-7.78,Productive high-affinity
A8,42_Glutamate-5-semialdehyde,6.207,-6.26,Neither
A8,43_Glutamate-1-semialdehyde,1.984,-6.08,Productive low-affinity
A8,44_glutarate semialdehyde,5.852,-6.51,Neither
A8,45_adipate semialdehyde,6.897,-6.75,Neither
A8,46_Succinic semialdehyde,4.459,-6.2,Neither
A8,47_methylmalonate semialdehyde,4.347,-6.23,Neither
A8,48_alpha-aminoadipate semialdehyde,7.252,-6.53,Neither
A8,49_2-Aminomuconic semialdehyde,6.89,-6.52,Neither
A8,4_malonaldehyde,4.389,-5.99,Neither
A8,50_10-formyltetrahydrofolate,14.365,-7.69,High-affinity non-productive
A8,52_Triose phosphate,5.858,-6.07,Neither
A8,53_Pyridoxal phosphate,16.654,-6.65,Neither
A8,57_S-3-oxopropylglutathione,4.168,-7.22,High-affinity non-productive
A8,58_S-(4-oxobutan-2-yl)glutathione,6.12,-8.42,High-affinity non-productive
A8,5_butyraldehyde,2.208,-6.24,Productive low-affinity
A8,60_S-Formylglutathione,5.307,-7.44,High-affinity non-productive
A8,6_amylaldehyde,2.558,-6.47,Productive low-affinity
A8,7_glutaraldehyde,7.02,-6.48,Neither
A8,8_hexanal,2.313,-6.77,Productive low-affinity
A8,9_2-hydroxypropionaldehyde,1.99,-6.03,Productive low-affinity
A9,10_4-guanidinobutyraldehyde,2.303,-5.98,Productive low-affinity
A9,11_prop-2-enal,2.023,-5.93,Productive low-affinity
A9,12_prop-2-ynal,2.506,-5.91,Productive low-affinity
A9,13_(2E)-but-2-enal,3.093,-6.14,Productive low-affinity
A9,14_trans-2-Hexenal,2.699,-6.63,Productive low-affinity
A9,15_heptanal,2.337,-6.91,Productive low-affinity
A9,16_octanaldehyde,2.197,-7.13,Productive high-affinity
A9,17_nonanal,2.338,-7.4,Productive high-affinity
A9,18_decanal,1.598,-7.64,Productive high-affinity
A9,19_dodecanal,2.521,-8.06,Productive high-affinity
A9,20_Citral,2.256,-7.65,Productive high-affinity
A9,21_cis-2-Octenal,1.257,-7.11,Productive high-affinity
A9,22_trans-2-Octenal,1.74,-7.16,Productive high-affinity
A9,23_4-Hydroxynonenal,2.964,-7.37,Productive high-affinity
A9,24_Tetradecanal,1.71,-8.35,Productive high-affinity
A9,25_hexadecanal,1.438,-8.6,Productive high-affinity
A9,26_trans-2-hexadecenal,1.614,-8.44,Productive high-affinity
A9,27_Benzaldehyde,2.418,-6.89,Productive low-affinity
A9,28_Phenylacetaldehyde,2.152,-7.16,Productive high-affinity
A9,29_Salicylaldehyde,2.294,-6.88,Productive low-affinity
A9,2_acetaldehyde,2.633,-5.68,Productive low-affinity
A9,"30_(E)-3-(3,4-Dihydroxyphenyl)prop-2-enal",2.763,-7.44,Productive high-affinity
A9,"31_(2E,4E,6E,8E)-3,7-dimethyl-9-(2,6,6-trimethylcyclohexen-1-yl)nona-2,4,6,8-tetraenal",1.835,-9.35,Productive high-affinity
A9,32_9-cis-Retinal,5.125,-9.37,High-affinity non-productive
A9,34_4-hydroxy-2-nonenal,2.733,-7.35,Productive high-affinity
A9,35_Cinnamaldehyde,2.011,-7.42,Productive high-affinity
A9,36_3-(4-Isopropylphenyl)-2-methylpropanal,2.101,-8.32,Productive high-affinity
A9,"38_(2R)-2-[(2S,3R,4S)-3,4-Dihydroxy-5-oxo -tetrahydrofuran-2-yl]-2-hydroxy-acetaldehyde",2.924,-6.69,Productive low-affinity
A9,39_4-nitrobenzaldehyde,2.023,-6.63,Productive low-affinity
A9,3_propylaldehyde,2.375,-5.93,Productive low-affinity
A9,40_Furan-2-carbaldehyde,1.963,-7.97,Productive high-affinity
A9,41_Indole-3-acetaldehyde,2.776,-7.59,Productive high-affinity
A9,42_Glutamate-5-semialdehyde,4.303,-6.34,Neither
A9,43_Glutamate-1-semialdehyde,2.941,-6.25,Productive low-affinity
A9,44_glutarate semialdehyde,6.194,-6.43,Neither
A9,45_adipate semialdehyde,7.153,-6.66,Neither
A9,46_Succinic semialdehyde,3.974,-6.21,Productive low-affinity
A9,47_methylmalonate semialdehyde,3.086,-6.17,Productive low-affinity
A9,48_alpha-aminoadipate semialdehyde,6.962,-6.55,Neither
A9,49_2-Aminomuconic semialdehyde,7.803,-6.46,Neither
A9,4_malonaldehyde,3.818,-5.9,Productive low-affinity
A9,50_10-formyltetrahydrofolate,15.536,-8.05,High-affinity non-productive
A9,52_Triose phosphate,5.304,-6.11,Neither
A9,53_Pyridoxal phosphate,7.112,-6.82,Neither
A9,57_S-3-oxopropylglutathione,6.001,-8.19,High-affinity non-productive
A9,58_S-(4-oxobutan-2-yl)glutathione,6.521,-8.21,High-affinity non-productive
A9,5_butyraldehyde,2.17,-6.2,Productive low-affinity
A9,60_S-Formylglutathione,4.076,-7.58,High-affinity non-productive
A9,6_amylaldehyde,2.554,-6.4,Productive low-affinity
A9,7_glutaraldehyde,1.781,-6.4,Productive low-affinity
A9,8_hexanal,2.442,-6.65,Productive low-affinity
A9,9_2-hydroxypropionaldehyde,2.403,-5.94,Productive low-affinity
