protein,ligand,category,DG_prediction_kcalmol,CYS_SG_to_aldC_distance_A,LE,N_total,N_CC,N_CA,N_CP,N_PA
A10,10_4-guanidinobutyraldehyde,Semialdehyde,-5.81,2.512,0.6455555555555555,28.678856431661952,1.1843411744395334,1.7765117616592998,10.28720139822525,15.430802097337871
A10,11_prop-2-enal,"α,β-Unsat",-5.99,2.448,1.4975,32.0219762618179,2.531123743654959,3.7966856154824384,10.2776667610722,15.4165001416083
A10,12_prop-2-ynal,"α,β-Unsat",-5.92,2.068,1.48,31.06884247624078,1.8832896681014617,2.8249345021521926,10.54424732239485,15.816370983592273
A10,13_(2E)-but-2-enal,"α,β-Unsat",-6.21,1.927,1.242,38.006208141344395,3.4983447720502805,5.2475171580754205,11.70413848448748,17.556207726731216
A10,14_trans-2-Hexenal,"α,β-Unsat",-6.64,2.231,0.9485714285714285,48.69622392851678,5.748751555507834,8.62312733326175,13.729738015898882,20.59460702384832
A10,15_heptanal,Medium-chain,-6.87,2.256,0.85875,53.23471796360294,7.37425058137816,11.061375872067238,13.919636604063015,20.879454906094523
A10,16_octanaldehyde,Medium-chain,-7.05,1.351,0.7833333333333333,56.8684807915471,8.617091332740495,12.925636999110742,14.130300983878342,21.195451475817514
A10,17_nonanal,Medium-chain,-7.25,1.559,0.725,60.86225751259361,10.013667228547028,15.020500842820542,14.331235776490415,21.49685366473562
A10,18_decanal,Medium-chain,-7.48,1.787,0.68,65.45373160169504,11.620219150354266,17.430328725531396,14.561273490323751,21.841910235485624
A10,19_dodecanal,Medium-chain,-7.86,1.816,0.6046153846153847,71.984759769238,14.65177800343071,21.977667005146063,14.14212590426449,21.213188856396734
A10,20_Citral,"α,β-Unsat",-7.51,1.263,0.6827272727272727,68.14711523215631,11.08072093674862,16.621081405122926,16.178125156113904,24.267187734170857
A10,21_cis-2-Octenal,"α,β-Unsat",-7.07,2.017,0.7855555555555556,58.27793269760273,8.39551898441665,12.593278476624974,14.915654094624443,22.373481141936665
A10,22_trans-2-Octenal,"α,β-Unsat",-7.03,1.633,0.7811111111111111,57.15178907059591,8.233286733510047,12.349930100265071,14.627428894728318,21.941143342092474
A10,23_4-Hydroxynonenal,"α,β-Unsat",-7.42,5.897,0.6745454545454546,71.15309051978566,8.734516215240488,13.101774322860729,19.72671999267378,29.59007998901067
A10,24_Tetradecanal,Medium-chain,-8.16,1.39,0.544,76.01287638882258,17.448502398799604,26.172753598199407,12.956648156729427,19.43497223509414
A10,25_hexadecanal,Medium-chain,-7.97,1.95,0.4688235294117647,68.41241009411519,17.48301944091813,26.224529161377195,9.881944596727948,14.822916895091918
A10,26_trans-2-hexadecenal,"α,β-Unsat",-8.06,1.38,0.47411764705882353,71.35439217530534,17.702073306797597,26.55310996019639,10.83968356332454,16.25952534498681
A10,27_Benzaldehyde,Aromatic,-6.95,1.7,0.86875,58.073953218482316,6.773552323559717,10.160328485339575,16.456028963833212,24.684043445749815
A10,28_Phenylacetaldehyde,Aromatic,-6.98,15.207,0.7755555555555556,59.263551598798934,6.771848496022759,10.157772744034137,16.933572143496814,25.400358215245223
A10,29_Salicylaldehyde,Aromatic,-6.95,1.738,0.7722222222222223,59.30099274119356,6.3347297145901,9.50209457188515,17.385667381887323,26.07850107283098
A10,2_acetaldehyde,Short-chain,-5.72,1.861,1.9066666666666665,23.58778613950235,1.7338595331610194,2.6007892997415287,7.7012549226399205,11.55188238395988
A10,"30_(E)-3-(3,4-Dihydroxyphenyl)prop-2-enal",Aromatic,-7.36,1.973,0.6133333333333334,71.23159795050998,7.858982201879766,11.788473302819648,20.633656978324225,30.950485467486338
A10,"31_(2E,4E,6E,8E)-3,7-dimethyl-9-(2,6,6-trimethylcyclohexen-1-yl)nona-2,4,6,8-tetraenal",Retinoid,-9.16,1.978,0.4361904761904762,95.56214015455886,24.581449311957197,36.872173967935794,13.643406749866351,20.465110124799523
A10,32_9-cis-Retinal,Retinoid,-9.55,3.713,0.4547619047619048,104.52109079404876,26.885960184953184,40.32894027742977,14.922476132666322,22.38371419899948
A10,34_4-hydroxy-2-nonenal,"α,β-Unsat",-7.38,3.489,0.6709090909090909,69.97700637896276,8.590144046393538,12.885216069590305,19.40065850519157,29.100987757787347
A10,35_Cinnamaldehyde,Aromatic,-6.72,47.32,0.6719999999999999,49.82484250425219,6.475070449044266,9.712605673566399,13.454866552656611,20.182299828984917
A10,36_3-(4-Isopropylphenyl)-2-methylpropanal,Aromatic,-8.24,1.791,0.5885714285714286,86.25623960066555,14.915141430948424,22.372712146422636,19.5873544093178,29.3810316139767
A10,"38_(2R)-2-[(2S,3R,4S)-3,4-Dihydroxy-5-oxo -tetrahydrofuran-2-yl]-2-hydroxy-acetaldehyde",Aromatic,-6.64,3.089,0.5533333333333333,64.77093206951025,0.0,0.0,25.9083728278041,38.86255924170615
A10,39_4-nitrobenzaldehyde,Aromatic,-6.74,2.586,0.6127272727272728,52.15635347715618,5.92374477342381,8.885617160135714,14.938796617438662,22.40819492615799
A10,3_propylaldehyde,Short-chain,-5.96,2.424,1.49,30.52958526703274,2.6411144214510025,3.9616716321765035,9.570719685362095,14.356079528043141
A10,40_Furan-2-carbaldehyde,Aromatic,-7.59,11.451,0.4464705882352941,68.37949468451073,12.12755924559588,18.191338868393817,15.224238628208415,22.83635794231262
A10,41_Indole-3-acetaldehyde,Aromatic,-7.43,10.463,0.6191666666666666,70.34110049606974,9.166148805642848,13.749223208464272,18.970291392785054,28.455437089177575
A10,42_Glutamate-5-semialdehyde,Semialdehyde,-6.29,5.858,0.6988888888888889,45.15120824633267,2.073042474616621,3.1095637119249315,15.987440823916447,23.98116123587467
A10,43_Glutamate-1-semialdehyde,Semialdehyde,-6.21,1.72,0.69,42.35113331632754,1.9444817009969855,2.9167225514954778,14.995971625534033,22.493957438301045
A10,44_glutarate semialdehyde,Semialdehyde,-6.51,5.503,0.81375,48.586061939442324,3.9519902781542386,5.9279854172313575,15.482434497622691,23.223651746434037
A10,45_adipate semialdehyde,Semialdehyde,-6.73,3.06,0.7477777777777779,54.063331223717576,5.100514878749596,7.6507723181243925,16.524817610737436,24.78722641610615
A10,46_Succinic semialdehyde,Semialdehyde,-6.24,4.616,0.8914285714285715,41.1164631777535,2.8097620386904154,4.214643058035622,13.636823232410988,20.45523484861648
A10,47_methylmalonate semialdehyde,Semialdehyde,-6.23,2.481,0.89,41.25003018294893,2.6207519176233554,3.931127876435033,13.879260155556217,20.818890233334322
A10,48_alpha-aminoadipate semialdehyde,Semialdehyde,-6.33,2.954,0.633,45.09804586437356,2.6570265355093428,3.9855398032640137,15.382191810240082,23.07328771536012
A10,49_2-Aminomuconic semialdehyde,Semialdehyde,-6.38,7.093,0.638,47.16637412121866,2.623550949869253,3.9353264248038786,16.242998698618212,24.364498047927317
A10,4_malonaldehyde,Short-chain,-5.96,2.064,1.192,32.53426909121077,1.9241851216178423,2.8862776824267633,11.089522514866466,16.634283772299696
A10,50_10-formyltetrahydrofolate,Other,-7.87,14.232,0.23147058823529412,101.36112092544185,4.28723754474311,6.4308563171146655,36.25721082543363,54.38581623815044
A10,52_Triose phosphate,Other,-6.06,4.336,0.606,39.45363416357177,0.8620619064740428,1.293092859711064,14.919391758954667,22.379087638431997
A10,53_Pyridoxal phosphate,Other,-6.68,15.479,0.4175,53.74089197443498,4.509613209142738,6.764419813714105,16.986743580631256,25.480115370946884
A10,57_S-3-oxopropylglutathione,Other,-7.5,5.404,0.3125,97.05094025280134,0.6026863389699098,0.9040295084548644,38.21768976215063,57.32653464322594
A10,58_S-(4-oxobutan-2-yl)glutathione,Other,-8.03,2.767,0.3212,113.58299700770647,2.176250222667671,3.2643753340015063,43.25694858041492,64.88542287062238
A10,5_butyraldehyde,Short-chain,-6.2,1.949,1.24,37.07646625683165,3.689602745438174,5.53440411815726,11.140983757294487,16.711475635941728
A10,60_S-Formylglutathione,Other,-7.71,5.146,0.35045454545454546,107.0300157977883,0.0,0.0,42.81200631911532,64.21800947867297
A10,6_amylaldehyde,Short-chain,-6.4,2.105,1.0666666666666667,42.0594973649725,4.732394445182156,7.098591667773234,12.091404500806846,18.137106751210265
A10,7_glutaraldehyde,Medium-chain,-6.46,5.556,0.9228571428571428,46.57302299112369,3.965692907694183,5.9485393615412745,14.663516288755297,21.99527443313294
A10,8_hexanal,Medium-chain,-6.62,2.264,0.9457142857142857,47.35898249050716,5.944499482208459,8.916749223312689,12.999093513994405,19.498640270991604
A10,9_2-hydroxypropionaldehyde,Short-chain,-6.0,1.64,1.2,34.46374889216279,1.7991225713338714,2.698683857000807,11.986376985531244,17.979565478296866
A11,10_4-guanidinobutyraldehyde,Semialdehyde,-6.09,1.814,0.6766666666666666,38.592535198162395,1.5937430619001134,2.39061459285017,13.843271017364845,20.764906526047266
A11,11_prop-2-enal,"α,β-Unsat",-5.86,1.806,1.465,27.817070288043833,2.1987539591346112,3.298130938701916,8.928074156082923,13.392111234124384
A11,12_prop-2-ynal,"α,β-Unsat",-5.82,2.21,1.455,27.691794380997226,1.678584269394782,2.5178764040921724,9.398133483004107,14.097200224506162
A11,13_(2E)-but-2-enal,"α,β-Unsat",-6.04,2.094,1.208,32.666492947932376,3.0068417875473488,4.510262681321023,10.059755391625602,15.089633087438402
A11,14_trans-2-Hexenal,"α,β-Unsat",-6.4,2.049,0.9142857142857144,41.569947256050924,4.907470840067665,7.361206260101497,11.720508062352707,17.580762093529057
A11,15_heptanal,Medium-chain,-6.63,2.062,0.82875,46.402454695546936,6.427822699276148,9.641734048914222,12.133159178942627,18.199738768413937
A11,16_octanaldehyde,Medium-chain,-6.69,2.169,0.7433333333333334,46.881820750104694,7.103846025527533,10.655769038291298,11.648882274514346,17.473323411771517
A11,17_nonanal,Medium-chain,-6.82,2.178,0.682,49.230803854631276,8.099944158202486,12.149916237303728,11.592377383650025,17.388566075475033
A11,18_decanal,Medium-chain,-6.95,1.678,0.6318181818181818,51.465635735203755,9.136865864189843,13.705298796284765,11.449388429891659,17.174082644837487
A11,19_dodecanal,Medium-chain,-7.35,2.239,0.5653846153846154,59.14831659360463,12.039048359462294,18.058572539193438,11.62027827797956,17.430417416969338
A11,20_Citral,"α,β-Unsat",-7.17,1.886,0.6518181818181819,58.91603189393593,9.579746785953985,14.369620178930974,13.98666597162039,20.97999895743058
A11,21_cis-2-Octenal,"α,β-Unsat",-6.69,1.463,0.7433333333333334,47.57956824103798,6.854312600803933,10.281468901205898,12.177514695611263,18.266272043416894
A11,22_trans-2-Octenal,"α,β-Unsat",-6.71,2.219,0.7455555555555555,48.142640054541374,6.935428726257232,10.403143089385846,12.32162729555932,18.48244094333898
A11,23_4-Hydroxynonenal,"α,β-Unsat",-7.07,2.8,0.6427272727272727,60.86235428758526,7.471259737829674,11.20688960674451,16.873681977204434,25.310522965806648
A11,24_Tetradecanal,Medium-chain,-7.12,2.228,0.4746666666666667,50.99598036212148,11.705957305523787,17.55893595828568,8.692434839324806,13.038652258987208
A11,25_hexadecanal,Medium-chain,-7.42,1.816,0.4364705882352941,55.743445261871635,14.245423248155513,21.368134872233266,8.051954856593142,12.077932284889712
A11,26_trans-2-hexadecenal,"α,β-Unsat",-7.38,1.929,0.4341176470588235,55.497860580793024,13.76827923862035,20.652418857930524,8.430864993696863,12.646297490545292
A11,27_Benzaldehyde,Aromatic,-6.58,1.871,0.8225,47.054792864206185,5.4883141903714625,8.232471285557192,13.333602955311012,20.000404432966516
A11,28_Phenylacetaldehyde,Aromatic,-6.78,2.266,0.7533333333333334,53.277334265586916,6.087823395414399,9.131735093121598,15.223110310820367,22.834665466230547
A11,29_Salicylaldehyde,Aromatic,-6.69,2.207,0.7433333333333334,51.394193709034425,5.490099085978088,8.235148628967131,15.067578397635684,22.601367596453525
A11,2_acetaldehyde,Short-chain,-5.65,2.21,1.8833333333333335,21.294529153717416,1.5652898563259217,2.3479347844888823,6.952521805161045,10.428782707741567
A11,"30_(E)-3-(3,4-Dihydroxyphenyl)prop-2-enal",Aromatic,-7.02,8.187,0.585,60.96941858475852,6.726755952456408,10.090133928684612,17.661011481447,26.491517222170504
A11,"31_(2E,4E,6E,8E)-3,7-dimethyl-9-(2,6,6-trimethylcyclohexen-1-yl)nona-2,4,6,8-tetraenal",Retinoid,-8.72,3.488,0.4152380952380953,85.45460609974975,21.981488327038647,32.97223249055797,12.200354112861255,18.300531169291883
A11,32_9-cis-Retinal,Retinoid,-8.24,1.863,0.3923809523809524,74.42820531268526,19.14516725258205,28.71775087887307,10.62611487249206,15.93917230873809
A11,34_4-hydroxy-2-nonenal,"α,β-Unsat",-7.06,2.77,0.6418181818181817,60.56833325237952,7.4351666956179345,11.1527500434269,16.792166605333875,25.188249908000813
A11,35_Cinnamaldehyde,Aromatic,-6.99,2.57,0.6990000000000001,57.64618406015226,7.49150592651052,11.23725888976578,15.566967697550385,23.350451546325576
A11,36_3-(4-Isopropylphenyl)-2-methylpropanal,Aromatic,-7.51,1.591,0.5364285714285714,66.82196339434275,11.55463117027177,17.331946755407653,15.174154187465332,22.761231281197997
A11,"38_(2R)-2-[(2S,3R,4S)-3,4-Dihydroxy-5-oxo -tetrahydrofuran-2-yl]-2-hydroxy-acetaldehyde",Aromatic,-6.66,3.602,0.555,65.5608214849921,0.0,0.0,26.224328593996844,39.33649289099526
A11,39_4-nitrobenzaldehyde,Aromatic,-6.48,2.212,0.5890909090909091,44.36287537137423,5.038587508429448,7.557881262644171,12.706562640120245,19.059843960180366
A11,3_propylaldehyde,Short-chain,-5.84,2.102,1.46,26.713387108653645,2.310975118769627,3.46646267815444,8.374379724691833,12.561569587037747
A11,40_Furan-2-carbaldehyde,Aromatic,-7.67,11.223,0.4511764705882353,70.49160262843384,12.502155670170268,18.753233505255402,15.694485381203265,23.541728071804897
A11,41_Indole-3-acetaldehyde,Aromatic,-7.21,2.22,0.6008333333333333,63.97277041000583,8.336291712127858,12.504437568191788,17.252816451874477,25.87922467781171
A11,42_Glutamate-5-semialdehyde,Semialdehyde,-6.12,6.251,0.68,39.20104902007178,1.7998508306748962,2.699776246012344,13.880568777353815,20.820853166030723
A11,43_Glutamate-1-semialdehyde,Semialdehyde,-5.99,1.815,0.6655555555555556,34.650927258813454,1.5909395735429888,2.3864093603144827,12.269431329982394,18.40414699497359
A11,44_glutarate semialdehyde,Semialdehyde,-6.4,3.256,0.8,45.04667994385383,3.6640969466330713,5.496145419949606,14.354575030908462,21.531862546362692
A11,45_adipate semialdehyde,Semialdehyde,-6.66,3.276,0.74,51.875797590387954,4.894135664002501,7.341203496003752,15.85618337215268,23.784275058229017
A11,46_Succinic semialdehyde,Semialdehyde,-6.13,3.365,0.8757142857142857,37.4690349926302,2.5605089546130393,3.8407634319195583,12.427105042439042,18.64065756365856
A11,47_methylmalonate semialdehyde,Semialdehyde,-6.12,2.592,0.8742857142857143,37.56100309341691,2.3863757298684205,3.579563594802631,12.638025507498341,18.95703826124751
A11,48_alpha-aminoadipate semialdehyde,Semialdehyde,-6.42,7.442,0.642,48.14979332888004,2.836825323626516,4.2552379854397735,16.4230920079255,24.634638011888246
A11,49_2-Aminomuconic semialdehyde,Semialdehyde,-6.21,6.893,0.621,41.35602368599608,2.3003598908273886,3.450539836241083,14.242049583571044,21.363074375356565
A11,4_malonaldehyde,Short-chain,-5.89,2.931,1.178,30.16197863664331,1.7838799564998742,2.675819934749811,10.280911498157451,15.421367247236173
A11,50_10-formyltetrahydrofolate,Other,-8.19,14.839,0.24088235294117646,112.66270932130992,4.765257061927011,7.147885592890516,40.29982666659696,60.44973999989543
A11,52_Triose phosphate,Other,-6.1,4.606,0.61,40.94245054710279,0.8945925444541957,1.3418888166812935,15.48238767438692,23.223581511580377
A11,53_Pyridoxal phosphate,Other,-6.91,12.414,0.431875,61.09827599474455,5.127000731822994,7.69050109773449,19.312309666074825,28.968464499112237
A11,57_S-3-oxopropylglutathione,Other,-7.82,9.74,0.32583333333333336,109.47346060515993,0.6798301903580583,1.0197452855370872,43.10955405170591,64.66433107755887
A11,58_S-(4-oxobutan-2-yl)glutathione,Other,-8.21,5.484,0.3284,120.33050178044155,2.305532414113276,3.4582986211699143,45.826668298063346,68.74000244709501
A11,5_butyraldehyde,Short-chain,-6.06,2.284,1.212,32.75087852686794,3.259149091803719,4.888723637705578,9.84120231894346,14.761803478415185
A11,60_S-Formylglutathione,Other,-7.39,4.758,0.3359090909090909,94.39178515007897,0.0,0.0,37.75671406003159,56.63507109004738
A11,6_amylaldehyde,Short-chain,-6.22,2.111,1.0366666666666666,36.65184770376174,4.123943730801591,6.1859155962023875,10.536795350703104,15.805193026054654
A11,7_glutaraldehyde,Medium-chain,-6.39,2.143,0.9128571428571428,44.34006983401501,3.7755569463663785,5.6633354195495675,13.960470987239626,20.940706480859436
A11,8_hexanal,Medium-chain,-6.48,1.987,0.9257142857142858,43.26623091725346,5.430777304733655,8.146165957100482,11.875715062167728,17.813572593251592
A11,9_2-hydroxypropionaldehyde,Short-chain,-5.86,1.635,1.1720000000000002,29.63882404726001,1.5472454113471301,2.320868117020695,10.308284207556873,15.46242631133531
A12,10_4-guanidinobutyraldehyde,Semialdehyde,-5.94,5.565,0.66,33.28163585896575,1.3744206221890893,2.0616309332836336,11.93823372139721,17.907350582095816
A12,11_prop-2-enal,"α,β-Unsat",-5.92,5.168,1.48,29.75779612209339,2.3521553981440015,3.528233097216002,9.550963050693355,14.326444576040032
A12,12_prop-2-ynal,"α,β-Unsat",-5.96,5.534,1.49,32.419661714338204,1.9651718275841341,2.947757741376201,11.002692858151148,16.50403928722672
A12,13_(2E)-but-2-enal,"α,β-Unsat",-6.21,5.528,1.242,38.006208141344395,3.4983447720502805,5.2475171580754205,11.70413848448748,17.556207726731216
A12,14_trans-2-Hexenal,"α,β-Unsat",-6.7,5.344,0.9571428571428572,50.47779309663326,5.959071734367878,8.938607601551817,14.23204550428543,21.348068256428142
A12,15_heptanal,Medium-chain,-6.97,5.407,0.87125,56.08149432529292,7.768595532253994,11.65289329838099,14.664002197863173,21.996003296794758
A12,16_octanaldehyde,Medium-chain,-7.14,5.564,0.7933333333333333,59.3651458019077,8.995402659543736,13.493103989315603,14.750655661219344,22.125983491829015
A12,17_nonanal,Medium-chain,-7.39,5.572,0.739,64.6492424244883,10.636739856101066,15.955109784151595,15.222957113694259,22.834435670541385
A12,18_decanal,Medium-chain,-7.56,5.686,0.6872727272727273,67.56514229852388,11.995064929397946,17.99259739409692,15.030991990011609,22.54648798501741
A12,19_dodecanal,Medium-chain,-8.08,5.389,0.6215384615384616,77.5220489822563,15.778837849848456,23.668256774772683,15.229981743054063,22.844972614581092
A12,20_Citral,"α,β-Unsat",-7.57,5.838,0.6881818181818182,69.7761299389011,11.34559872806532,17.01839809209798,16.56485324749512,24.847279871242673
A12,21_cis-2-Octenal,"α,β-Unsat",-7.27,5.613,0.8077777777777777,63.90865083263679,9.206680238949657,13.810020358424483,16.35678009410506,24.53517014115759
A12,22_trans-2-Octenal,"α,β-Unsat",-7.29,5.444,0.81,64.47172264614021,9.28779636440296,13.931694546604438,16.500892694053128,24.75133904107969
A12,23_4-Hydroxynonenal,"α,β-Unsat",-7.31,5.506,0.6645454545454546,67.91885913252267,8.337492750911373,12.50623912636706,18.830050902097696,28.245076353146544
A12,24_Tetradecanal,Medium-chain,-8.58,5.57,0.572,86.11585363037494,19.767607148007148,29.65141072201072,14.67873430414283,22.018101456214243
A12,25_hexadecanal,Medium-chain,-9.0,5.502,0.5294117647058824,92.13792605268038,23.546154129182668,35.319231193773994,13.30901629188949,19.963524437834234
A12,26_trans-2-hexadecenal,"α,β-Unsat",-8.95,5.742,0.526470588235294,92.10779382106405,22.850715543088395,34.27607331463259,13.992401985337228,20.98860297800584
A12,27_Benzaldehyde,Aromatic,-6.97,5.01,0.87125,58.66958350790264,6.843024655083404,10.264536982625106,16.62480874807765,24.93721312211647
A12,28_Phenylacetaldehyde,Aromatic,-7.15,4.951,0.7944444444444445,64.35183633202914,7.353269831539864,11.029904747309795,18.387464701271792,27.581197051907683
A12,29_Salicylaldehyde,Aromatic,-6.98,4.824,0.7755555555555556,60.2133157064427,6.432187094814565,9.648280642221847,17.653139187762516,26.47970878164377
A12,2_acetaldehyde,Short-chain,-5.68,5.165,1.8933333333333333,22.27735357619666,1.6375340035409627,2.4563010053114436,7.273407426937702,10.910111140406553
A12,"30_(E)-3-(3,4-Dihydroxyphenyl)prop-2-enal",Aromatic,-7.39,5.817,0.6158333333333333,72.13708436513508,7.958884518005353,11.938326777008028,20.89594922804868,31.343923842073018
A12,"31_(2E,4E,6E,8E)-3,7-dimethyl-9-(2,6,6-trimethylcyclohexen-1-yl)nona-2,4,6,8-tetraenal",Retinoid,-10.45,5.763,0.49761904761904757,125.19559226979463,32.204062199559296,48.30609329933895,17.874174708358556,26.811262062537832
A12,32_9-cis-Retinal,Retinoid,-9.81,5.564,0.4671428571428572,110.49372455370869,28.42230076695051,42.63345115042576,15.775189054532968,23.66278358179945
A12,34_4-hydroxy-2-nonenal,"α,β-Unsat",-7.5,6.785,0.6818181818181818,73.50525880143147,9.023260552934387,13.534890829401581,20.378842967638203,30.5682644514573
A12,35_Cinnamaldehyde,Aromatic,-7.54,5.472,0.754,73.57854648883755,9.562022639867697,14.343033959801547,19.869395955667326,29.804093933500983
A12,36_3-(4-Isopropylphenyl)-2-methylpropanal,Aromatic,-8.45,5.098,0.6035714285714285,91.84692179700495,15.881863560732112,23.822795341098168,20.856905158069875,31.285357737104807
A12,"38_(2R)-2-[(2S,3R,4S)-3,4-Dihydroxy-5-oxo -tetrahydrofuran-2-yl]-2-hydroxy-acetaldehyde",Aromatic,-6.61,5.455,0.5508333333333334,63.58609794628752,0.0,0.0,25.43443917851501,38.15165876777251
A12,39_4-nitrobenzaldehyde,Aromatic,-6.68,5.767,0.6072727272727273,50.35785852966802,5.719477712271263,8.579216568406894,14.423665699595947,21.63549854939392
A12,3_propylaldehyde,Short-chain,-5.92,5.145,1.48,29.257519214239707,2.531067987223877,3.796601980835815,9.171939698472007,13.757909547708008
A12,40_Furan-2-carbaldehyde,Aromatic,-7.91,5.11,0.46529411764705886,76.82792646020319,13.625944943893442,20.438917415840162,17.105225640187836,25.65783846028175
A12,41_Indole-3-acetaldehyde,Aromatic,-7.62,5.292,0.635,75.84102193403406,9.88284356822398,14.824265352335967,20.45356520538965,30.68034780808447
A12,42_Glutamate-5-semialdehyde,Semialdehyde,-6.19,1.536,0.6877777777777778,41.65111458382627,1.9123415075920773,2.8685122613881155,14.748104325938431,22.122156488907645
A12,43_Glutamate-1-semialdehyde,Semialdehyde,-6.26,5.41,0.6955555555555555,44.101180147580735,2.024832184509257,3.037248276763885,15.615639874523039,23.423459811784557
A12,44_glutarate semialdehyde,Semialdehyde,-6.4,1.645,0.8,45.04667994385383,3.6640969466330713,5.496145419949606,14.354575030908462,21.531862546362692
A12,45_adipate semialdehyde,Semialdehyde,-6.61,1.862,0.7344444444444445,50.31327356658109,4.746721939183149,7.120082908774724,15.378587487449288,23.067881231173928
A12,46_Succinic semialdehyde,Semialdehyde,-6.19,2.357,0.8842857142857143,39.458541275424736,2.696465182291609,4.044697773437413,13.086951327878285,19.630426991817426
A12,47_methylmalonate semialdehyde,Semialdehyde,-6.17,3.169,0.8814285714285715,39.237833588658724,2.4929103606661176,3.7393655409991764,13.202223074797372,19.803334612196057
A12,48_alpha-aminoadipate semialdehyde,Semialdehyde,-6.43,2.138,0.643,48.48887638049186,2.856802966750646,4.285204450125969,16.5387475854461,24.808121378169144
A12,49_2-Aminomuconic semialdehyde,Semialdehyde,-6.47,1.965,0.647,50.242441998689436,2.794652098773769,4.191978148160653,17.30232470070201,25.95348705105301
A12,4_malonaldehyde,Short-chain,-5.95,3.096,1.19,32.195370454843996,1.9041415266009905,2.8562122899014852,10.97400665533661,16.461009983004914
A12,50_10-formyltetrahydrofolate,Other,-7.99,14.408,0.23500000000000001,105.59921657389239,4.466494863687074,6.699742295530611,37.77319176586988,56.65978764880482
A12,52_Triose phosphate,Other,-6.05,2.02,0.605,39.08143006768903,0.8539292469790049,1.2808938704685071,14.778642780096607,22.16796417014491
A12,53_Pyridoxal phosphate,Other,-7.06,3.85,0.44125,65.89656992103338,5.529644768353595,8.294467152530391,20.828983200059756,31.243474800089633
A12,57_S-3-oxopropylglutathione,Other,-8.23,6.977,0.3429166666666667,125.38981480661936,0.7786707499491236,1.1680061249236853,49.377255172698625,74.06588275904792
A12,58_S-(4-oxobutan-2-yl)glutathione,Other,-8.36,6.553,0.3344,125.95342242438737,2.4132675736512788,3.619901360476918,47.96810139610368,71.95215209415551
A12,5_butyraldehyde,Short-chain,-6.2,5.222,1.24,37.07646625683165,3.689602745438174,5.53440411815726,11.140983757294487,16.711475635941728
A12,60_S-Formylglutathione,Other,-7.52,6.213,0.3418181818181818,99.52606635071088,0.0,0.0,39.810426540284354,59.715639810426524
A12,6_amylaldehyde,Short-chain,-6.46,5.572,1.0766666666666667,43.86204725204274,4.935211349975677,7.402817024963514,12.609607550841421,18.91441132626213
A12,7_glutaraldehyde,Medium-chain,-6.39,1.605,0.9128571428571428,44.34006983401501,3.7755569463663785,5.6633354195495675,13.960470987239626,20.940706480859436
A12,8_hexanal,Medium-chain,-6.69,5.566,0.9557142857142857,49.40535827713402,6.201360570945862,9.302040856418794,13.560782739907745,20.341174109861615
A12,9_2-hydroxypropionaldehyde,Short-chain,-5.94,5.158,1.1880000000000002,32.395923958633034,1.69117521705384,2.5367628255807597,11.267194366399375,16.90079154959906
A13,10_4-guanidinobutyraldehyde,Semialdehyde,-5.56,8.034,0.6177777777777778,19.827357533000853,0.8188037749211589,1.2282056623817381,7.112139238279183,10.668208857418774
A13,11_prop-2-enal,"α,β-Unsat",-5.99,4.42,1.4975,32.0219762618179,2.531123743654959,3.7966856154824384,10.2776667610722,15.4165001416083
A13,12_prop-2-ynal,"α,β-Unsat",-5.96,3.631,1.49,32.419661714338204,1.9651718275841341,2.947757741376201,11.002692858151148,16.50403928722672
A13,13_(2E)-but-2-enal,"α,β-Unsat",-6.23,3.778,1.246,38.63440992880465,3.5561686525800393,5.334252978870058,11.897595318941823,17.846392978412734
A13,14_trans-2-Hexenal,"α,β-Unsat",-6.76,3.023,0.9657142857142856,52.25936226474972,6.169391913227919,9.254087869841879,14.73435299267197,22.101529489007955
A13,15_heptanal,Medium-chain,-6.98,7.961,0.8725,56.366171961461944,7.808030027341582,11.712045041012372,14.738438757243197,22.107658135864792
A13,16_octanaldehyde,Medium-chain,-7.15,1.92,0.7944444444444445,59.64255302528112,9.037437251410765,13.556155877116147,14.81958395870168,22.229375938052517
A13,17_nonanal,Medium-chain,-7.42,7.132,0.742,65.4607391913229,10.770255419148361,16.15538312872254,15.4140402573808,23.121060386071196
A13,18_decanal,Medium-chain,-7.38,1.302,0.6709090909090909,62.81446823065893,11.151661926549655,16.727492889824482,13.97412536571392,20.96118804857088
A13,19_dodecanal,Medium-chain,-8.24,6.945,0.6338461538461538,81.54916840990597,16.59851773815227,24.897776607228405,16.02114962581012,24.031724438715177
A13,20_Citral,"α,β-Unsat",-7.82,3.119,0.7109090909090909,76.5636912170043,12.449256191884903,18.673884287827352,18.17622029491682,27.26433044237523
A13,21_cis-2-Octenal,"α,β-Unsat",-7.16,3.253,0.7955555555555556,60.81175585836806,8.760541548956503,13.140812323434755,15.564160794390723,23.34624119158608
A13,22_trans-2-Octenal,"α,β-Unsat",-6.95,1.382,0.7722222222222223,54.89950181658227,7.908822231696843,11.863233347545263,14.050978494936068,21.0764677424041
A13,23_4-Hydroxynonenal,"α,β-Unsat",-7.38,11.468,0.6709090909090909,69.97700637896276,8.590144046393538,12.885216069590305,19.40065850519157,29.100987757787347
A13,24_Tetradecanal,Medium-chain,-8.43,7.434,0.5619999999999999,82.50764747267766,18.939355451861598,28.40903317779239,14.06370353720947,21.0955553058142
A13,25_hexadecanal,Medium-chain,-9.06,2.092,0.5329411764705883,93.5199949434706,23.89934644112041,35.849019661680614,13.508651536267834,20.26297730440175
A13,26_trans-2-hexadecenal,"α,β-Unsat",-8.8,5.451,0.5176470588235295,88.61002949874519,21.982966851578716,32.97445027736807,13.461044947919362,20.191567421879043
A13,27_Benzaldehyde,Aromatic,-6.9,4.134,0.8625,56.5848774949315,6.599871494750494,9.89980724212574,16.034079503222106,24.051119254833157
A13,28_Phenylacetaldehyde,Aromatic,-7.29,2.953,0.81,68.54218846527755,7.832087401965715,11.748131102948573,19.584787984145304,29.37718197621795
A13,29_Salicylaldehyde,Aromatic,-6.96,6.249,0.7733333333333333,59.6051003962766,6.367215507998254,9.55082326199738,17.474824650512385,26.212236975768572
A13,2_acetaldehyde,Short-chain,-5.73,3.418,1.9100000000000001,23.915394280328794,1.757940915566035,2.6369113733490526,7.808216796565484,11.712325194848225
A13,"30_(E)-3-(3,4-Dihydroxyphenyl)prop-2-enal",Aromatic,-7.46,8.782,0.6216666666666667,74.24988599926039,8.191989922298399,12.287984883447598,21.507964477405757,32.26194671610863
A13,"31_(2E,4E,6E,8E)-3,7-dimethyl-9-(2,6,6-trimethylcyclohexen-1-yl)nona-2,4,6,8-tetraenal",Retinoid,-9.67,8.769,0.4604761904761905,107.27769099081486,27.59504045356733,41.39256068035099,15.316035942758617,22.974053914137926
A13,32_9-cis-Retinal,Retinoid,-9.66,2.954,0.46,107.04797430775102,27.53595043118282,41.303925646774225,15.28323929191759,22.924858937876383
A13,34_4-hydroxy-2-nonenal,"α,β-Unsat",-7.4,6.727,0.6727272727272727,70.56504844937422,8.662330130817013,12.993495196225519,19.563689248932675,29.345533873399013
A13,35_Cinnamaldehyde,Aromatic,-7.38,8.499,0.738,68.94367741867455,8.959690505072883,13.439535757609322,18.617780462396944,27.926670693595412
A13,36_3-(4-Isopropylphenyl)-2-methylpropanal,Aromatic,-8.26,14.103,0.59,86.78868552412644,15.007210205213534,22.510815307820298,19.708264004437044,29.562396006655565
A13,"38_(2R)-2-[(2S,3R,4S)-3,4-Dihydroxy-5-oxo -tetrahydrofuran-2-yl]-2-hydroxy-acetaldehyde",Aromatic,-6.59,3.078,0.5491666666666667,62.79620853080568,0.0,0.0,25.118483412322274,37.67772511848341
A13,39_4-nitrobenzaldehyde,Aromatic,-6.72,3.057,0.6109090909090908,51.55685516132679,5.855655753039627,8.78348362955944,14.767086311491088,22.15062946723663
A13,3_propylaldehyde,Short-chain,-5.96,4.039,1.49,30.52958526703274,2.6411144214510025,3.9616716321765035,9.570719685362095,14.356079528043141
A13,40_Furan-2-carbaldehyde,Aromatic,-7.88,13.516,0.46352941176470586,76.03588598123201,13.485471284678045,20.228206927017066,16.928883107814762,25.39332466172214
A13,41_Indole-3-acetaldehyde,Aromatic,-7.49,3.56,0.6241666666666666,72.07791779226902,9.392473467510575,14.088710201265863,19.438693649397038,29.15804047409555
A13,42_Glutamate-5-semialdehyde,Semialdehyde,-6.24,2.854,0.6933333333333334,43.40116141507947,1.9926919911043492,2.9890379866565238,15.367772574927441,23.05165886239116
A13,43_Glutamate-1-semialdehyde,Semialdehyde,-6.21,7.377,0.69,42.35113331632754,1.9444817009969855,2.9167225514954778,14.995971625534033,22.493957438301045
A13,44_glutarate semialdehyde,Semialdehyde,-6.46,2.972,0.8075,46.97725194144755,3.8211296729173436,5.731694509376015,14.969771103661675,22.45465665549251
A13,45_adipate semialdehyde,Semialdehyde,-6.64,4.305,0.7377777777777778,51.25078798086519,4.835170174074759,7.252755261112138,15.665145018271318,23.497717527406977
A13,46_Succinic semialdehyde,Semialdehyde,-6.2,3.118,0.8857142857142858,39.790125655890485,2.7191245535713695,4.078686830357054,13.196925708784825,19.795388563177234
A13,47_methylmalonate semialdehyde,Semialdehyde,-6.25,5.025,0.8928571428571429,41.92076238104565,2.6633657699424336,3.9950486549136497,14.104939182475826,21.157408773713737
A13,48_alpha-aminoadipate semialdehyde,Semialdehyde,-6.54,2.762,0.654,52.21878994822202,3.076557041116081,4.614835561674121,17.81095893817273,26.716438407259087
A13,49_2-Aminomuconic semialdehyde,Semialdehyde,-6.31,2.951,0.631,44.77387688318582,2.490472278499073,3.735708417748609,15.419078474775256,23.12861771216288
A13,4_malonaldehyde,Short-chain,-5.96,3.428,1.192,32.53426909121077,1.9241851216178423,2.8862776824267633,11.089522514866466,16.634283772299696
A13,50_10-formyltetrahydrofolate,Other,-7.29,6.739,0.21441176470588236,80.87699195793095,3.42082716984729,5.131240754770935,28.929969613325092,43.394954419987634
A13,52_Triose phosphate,Other,-6.12,4.428,0.612,41.68685873886831,0.9108578634442722,1.3662867951664082,15.763885632103053,23.645828448154578
A13,53_Pyridoxal phosphate,Other,-6.96,14.125,0.435,62.697707303507485,5.261215410666527,7.891823115999791,19.81786751073647,29.7268012661047
A13,57_S-3-oxopropylglutathione,Other,-7.78,2.628,0.32416666666666666,107.92064556111511,0.6701872089345398,1.0052808134018094,42.498071015511506,63.747106523267256
A13,58_S-(4-oxobutan-2-yl)glutathione,Other,-7.76,11.799,0.3104,103.46173984860391,1.9823269354992648,2.973490403248897,39.402369003942304,59.103553505913446
A13,5_butyraldehyde,Short-chain,-6.28,3.647,1.256,39.54823067395376,3.935576261800719,5.903364392701079,11.883716007780786,17.825574011671176
A13,60_S-Formylglutathione,Other,-7.09,2.979,0.32227272727272727,82.54344391785149,0.0,0.0,33.0173775671406,49.52606635071089
A13,6_amylaldehyde,Short-chain,-6.49,6.314,1.0816666666666668,44.76332219557787,5.036619802372437,7.5549297035586545,12.868709075858712,19.303063613788066
A13,7_glutaraldehyde,Medium-chain,-6.46,7.758,0.9228571428571428,46.57302299112369,3.965692907694183,5.9485393615412745,14.663516288755297,21.99527443313294
A13,8_hexanal,Medium-chain,-6.75,6.478,0.9642857142857143,51.15939466567131,6.421527218435063,9.632290827652593,14.042230647833458,21.063345971750184
A13,9_2-hydroxypropionaldehyde,Short-chain,-6.02,3.096,1.204,35.15302387000603,1.8351050227605485,2.7526575341408224,12.226104525241865,18.339156787862795
A14,10_4-guanidinobutyraldehyde,Semialdehyde,-6.1,2.998,0.6777777777777777,38.94659515410883,1.608364557880848,2.4125468368212717,13.970273503762684,20.955410255644026
A14,11_prop-2-enal,"α,β-Unsat",-6.09,1.267,1.5225,35.256519318567165,2.78679280867061,4.180189213005915,11.315814918756256,16.973722378134383
A14,12_prop-2-ynal,"α,β-Unsat",-6.06,2.223,1.515,35.796709809581756,2.169877226290814,3.2548158394362208,12.148806697541888,18.22321004631283
A14,13_(2E)-but-2-enal,"α,β-Unsat",-6.33,1.931,1.266,41.77541886610583,3.8452880552288216,5.767932082843232,12.864879491213513,19.297319236820268
A14,14_trans-2-Hexenal,"α,β-Unsat",-6.56,4.354,0.937142857142857,46.320798371028154,5.46832465036111,8.202486975541664,13.059994698050154,19.589992047075228
A14,15_heptanal,Medium-chain,-7.03,1.85,0.87875,57.78956014230693,8.005202502779499,12.007803754169247,15.110621554143274,22.665932331214908
A14,16_octanaldehyde,Medium-chain,-7.44,3.046,0.8266666666666667,67.68736250310974,10.256440415554543,15.384660623331815,16.81850458568935,25.227756878534027
A14,17_nonanal,Medium-chain,-7.07,9.877,0.7070000000000001,55.99327691158612,9.212573850263267,13.818860775394901,13.18473691437118,19.777105371556768
A14,18_decanal,Medium-chain,-7.5,2.565,0.6818181818181818,65.98158427590224,11.713930595115183,17.570895892672773,14.678703115245714,22.01805467286857
A14,19_dodecanal,Medium-chain,-7.69,4.425,0.5915384615384616,67.70594537736021,13.780868122107904,20.671302183161856,13.30151002883618,19.95226504325427
A14,20_Citral,"α,β-Unsat",-8.04,3.88,0.7309090909090908,82.53674514173511,13.420474760046131,20.130712140069196,19.594223296647915,29.39133494497187
A14,21_cis-2-Octenal,"α,β-Unsat",-7.46,5.449,0.8288888888888889,69.25783306091917,9.977283430756017,14.965925146134023,17.725849793611655,26.588774690417477
A14,22_trans-2-Octenal,"α,β-Unsat",-7.09,2.298,0.7877777777777778,58.84100451110612,8.47663510986995,12.714952664804922,15.059766694572502,22.589650041858754
A14,23_4-Hydroxynonenal,"α,β-Unsat",-7.06,10.293,0.6418181818181817,60.56833325237952,7.4351666956179345,11.1527500434269,16.792166605333875,25.188249908000813
A14,24_Tetradecanal,Medium-chain,-7.88,10.1,0.5253333333333333,69.27755822778767,15.902432565994577,23.853648848991863,11.808590725120489,17.712886087680733
A14,25_hexadecanal,Medium-chain,-8.47,6.389,0.4982352941176471,79.92965085070026,20.426288707065968,30.63943306059895,11.545571633214136,17.318357449821203
A14,26_trans-2-hexadecenal,"α,β-Unsat",-8.55,4.645,0.5029411764705882,82.78042229488038,20.536719032395908,30.805078548593855,12.575449885556248,18.86317482833437
A14,27_Benzaldehyde,Aromatic,-5.89,34.477,0.73625,26.505547879204737,3.091518752804177,4.6372781292062655,7.510700398877718,11.266050598316577
A14,28_Phenylacetaldehyde,Aromatic,-7.33,2.581,0.8144444444444444,69.73943193191995,7.968892422087388,11.95333863313108,19.926880350680594,29.89032052602089
A14,29_Salicylaldehyde,Aromatic,-7.18,4.199,0.7977777777777777,66.29546880810355,7.081902962977648,10.622854444466471,19.436284560263772,29.15442684039565
A14,2_acetaldehyde,Short-chain,-5.63,9.882,1.8766666666666667,20.639312872064558,1.517127091515892,2.275690637273838,6.738598057309932,10.107897085964897
A14,"30_(E)-3-(3,4-Dihydroxyphenyl)prop-2-enal",Aromatic,-7.64,7.302,0.6366666666666666,79.68280448701114,8.79140381905194,13.187105728577908,23.081717975752518,34.622576963628774
A14,"31_(2E,4E,6E,8E)-3,7-dimethyl-9-(2,6,6-trimethylcyclohexen-1-yl)nona-2,4,6,8-tetraenal",Retinoid,-9.33,5.69,0.4442857142857143,99.46732376664418,25.585979692493908,38.378969538740854,14.20094981416377,21.301424721245652
A14,32_9-cis-Retinal,Retinoid,-8.82,8.761,0.42000000000000004,87.75177293038819,22.572388550883772,33.85858282632565,12.528320621271504,18.792480931907253
A14,34_4-hydroxy-2-nonenal,"α,β-Unsat",-7.28,2.277,0.6618181818181819,67.0367960269055,8.229213624276163,12.343820436414244,18.58550478648604,27.87825717972906
A14,35_Cinnamaldehyde,Aromatic,-7.04,11.804,0.704,59.09458064457819,7.679734718633899,11.519602077950847,15.958097539197377,23.937146308796063
A14,36_3-(4-Isopropylphenyl)-2-methylpropanal,Aromatic,-8.04,11.392,0.5742857142857142,80.93178036605654,13.994453688297282,20.991680532445923,18.37825845812534,27.567387687188006
A14,"38_(2R)-2-[(2S,3R,4S)-3,4-Dihydroxy-5-oxo -tetrahydrofuran-2-yl]-2-hydroxy-acetaldehyde",Aromatic,-6.68,3.645,0.5566666666666666,66.35071090047391,0.0,0.0,26.540284360189567,39.81042654028435
A14,39_4-nitrobenzaldehyde,Aromatic,-6.69,2.895,0.6081818181818183,50.65760768758273,5.753522222463356,8.630283333695033,14.509520852569736,21.764281278854604
A14,3_propylaldehyde,Short-chain,-6.07,1.109,1.5175,34.027766912213586,2.9437421155755974,4.415613173363396,10.667364649309839,16.001046973964755
A14,40_Furan-2-carbaldehyde,Aromatic,-7.69,10.24,0.4523529411764706,71.01962961441464,12.59580477631387,18.893707164470804,15.812047069451985,23.718070604177974
A14,41_Indole-3-acetaldehyde,Aromatic,-7.13,11.081,0.5941666666666666,61.657014015073486,8.034525496304225,12.051788244456338,16.62828010972517,24.942420164587755
A14,42_Glutamate-5-semialdehyde,Semialdehyde,-6.07,8.23,0.6744444444444445,37.45100218881858,1.719500347162624,2.579250520743936,13.260900528364807,19.891350792547208
A14,43_Glutamate-1-semialdehyde,Semialdehyde,-6.19,4.089,0.6877777777777778,41.65111458382627,1.9123415075920773,2.8685122613881155,14.748104325938431,22.122156488907645
A14,44_glutarate semialdehyde,Semialdehyde,-6.39,6.654,0.79875,44.72491794425485,3.6379248255856895,5.456887238378534,14.252042352116248,21.378063528174373
A14,45_adipate semialdehyde,Semialdehyde,-6.64,5.663,0.7377777777777778,51.25078798086519,4.835170174074759,7.252755261112138,15.665145018271318,23.497717527406977
A14,46_Succinic semialdehyde,Semialdehyde,-6.16,4.247,0.88,38.46378813402747,2.628487068452324,3.9427306026784854,12.757028185158664,19.135542277737994
A14,47_methylmalonate semialdehyde,Semialdehyde,-6.3,2.904,0.9,43.59759287628747,2.7699004007401307,4.154850601110196,14.669136749774857,22.003705124662282
A14,48_alpha-aminoadipate semialdehyde,Semialdehyde,-6.3,9.599,0.63,44.080796709538056,2.597093606136951,3.8956404092054258,15.035225077678271,22.552837616517404
A14,49_2-Aminomuconic semialdehyde,Semialdehyde,-6.59,3.458,0.659,54.34386583531715,3.0227869639797915,4.534180445969687,18.714759370147075,28.072139055220607
A14,4_malonaldehyde,Short-chain,-6.09,2.983,1.218,36.93995136397889,2.184751856836925,3.2771277852553875,12.591228688754633,18.886843033131946
A14,50_10-formyltetrahydrofolate,Other,-7.29,14.252,0.21441176470588236,80.87699195793095,3.42082716984729,5.131240754770935,28.929969613325092,43.394954419987634
A14,52_Triose phosphate,Other,-6.31,8.896,0.631,48.75873656064059,1.0653783938499966,1.5980675907749946,18.438116230406244,27.657174345609363
A14,53_Pyridoxal phosphate,Other,-6.89,12.748,0.430625,60.458503471239354,5.0733148602855795,7.609972290428368,19.110086528210164,28.665129792315245
A14,57_S-3-oxopropylglutathione,Other,-7.57,2.991,0.3154166666666667,99.7683665798798,0.6195615564610674,0.9293423346916009,39.28778507549086,58.931677613236275
A14,58_S-(4-oxobutan-2-yl)glutathione,Other,-7.5,15.727,0.3,93.71534406576443,1.795585992300059,2.693378988450088,35.690551634005715,53.53582745100857
A14,5_butyraldehyde,Short-chain,-6.39,0.95,1.278,42.94690674749665,4.273789846799217,6.4106847701988245,12.904972852199442,19.35745927829916
A14,60_S-Formylglutathione,Other,-7.08,4.527,0.32181818181818184,82.14849921011059,0.0,0.0,32.859399684044234,49.28909952606635
A14,6_amylaldehyde,Short-chain,-6.63,1.828,1.105,48.96927193207511,5.5098592468906515,8.264788870335977,14.077849525939392,21.116774288909085
A14,7_glutaraldehyde,Medium-chain,-6.36,7.531,0.9085714285714286,43.38308990953988,3.6940701057973215,5.541105158695982,13.659165858018632,20.488748787027944
A14,8_hexanal,Medium-chain,-6.6,3.84,0.9428571428571428,46.77430369432804,5.871110599712057,8.806665899568085,12.83861087801916,19.257916317028737
A14,9_2-hydroxypropionaldehyde,Short-chain,-6.04,1.904,1.208,35.8422988478493,1.8710874741872265,2.8066312112808394,12.465832064952494,18.69874809742874
A8,10_4-guanidinobutyraldehyde,Semialdehyde,-5.92,2.365,0.6577777777777778,32.57351594707285,1.3451776302276188,2.017766445341428,11.684228748601521,17.52634312290228
A8,11_prop-2-enal,"α,β-Unsat",-6.0,2.256,1.5,32.34543056749282,2.556690650156524,3.835035975234786,10.381481576840606,15.572222365260906
A8,12_prop-2-ynal,"α,β-Unsat",-5.99,2.056,1.4975,33.43277614291128,2.026583447196139,3.039875170794208,11.346527009968375,17.01979051495256
A8,13_(2E)-but-2-enal,"α,β-Unsat",-6.27,1.94,1.254,39.8908135037251,3.6718164136395495,5.5077246204593235,12.284508987850492,18.426763481775737
A8,14_trans-2-Hexenal,"α,β-Unsat",-6.79,1.88,0.97,53.15014684880796,6.274552002657941,9.411828003986912,14.985506736865242,22.47826010529786
A8,15_heptanal,Medium-chain,-6.98,1.96,0.8725,56.366171961461944,7.808030027341582,11.712045041012372,14.738438757243197,22.107658135864792
A8,16_octanaldehyde,Medium-chain,-7.2,2.059,0.8,61.02958914214812,9.2476102107459,13.87141531611885,15.164225446113347,22.74633816917002
A8,17_nonanal,Medium-chain,-7.5,1.647,0.75,67.62473056954845,11.126296920607809,16.68944538091171,15.923595307211569,23.885392960817352
A8,18_decanal,Medium-chain,-7.74,2.0,0.7036363636363636,72.31581636638886,12.83846793224624,19.25770189836936,16.087858614309305,24.131787921463953
A8,19_dodecanal,Medium-chain,-8.27,2.514,0.6361538461538461,82.30425330259027,16.75220771720923,25.128311575813846,16.169493603826876,24.254240405740315
A8,20_Citral,"α,β-Unsat",-7.77,1.592,0.7063636363636363,75.20617896138364,12.228524699120983,18.342787048681473,17.853946885432475,26.780920328148714
A8,21_cis-2-Octenal,"α,β-Unsat",-7.23,1.686,0.8033333333333333,62.78250720562999,9.044447988043057,13.566671982064584,16.06855489420894,24.102832341313412
A8,22_trans-2-Octenal,"α,β-Unsat",-7.23,1.858,0.8033333333333333,62.78250720562999,9.044447988043057,13.566671982064584,16.06855489420894,24.102832341313412
A8,23_4-Hydroxynonenal,"α,β-Unsat",-7.49,2.134,0.6809090909090909,73.21123776622575,8.987167510722651,13.480751266083976,20.297327595767655,30.445991393651475
A8,24_Tetradecanal,Medium-chain,-8.27,2.096,0.5513333333333333,78.65889423780057,18.055886975973007,27.08383046395951,13.40767071914722,20.11150607872083
A8,25_hexadecanal,Medium-chain,-8.77,2.266,0.5158823529411765,86.83999530465125,22.192250266754662,33.28837540013199,12.543747855105842,18.815621782658763
A8,26_trans-2-hexadecenal,"α,β-Unsat",-8.78,2.274,0.5164705882352941,88.14366092243597,21.867267026044082,32.80090053906612,13.390197342930307,20.08529601439546
A8,27_Benzaldehyde,Aromatic,-6.95,3.056,0.86875,58.073953218482316,6.773552323559717,10.160328485339575,16.456028963833212,24.684043445749815
A8,28_Phenylacetaldehyde,Aromatic,-7.2,2.829,0.8,65.84839066533215,7.524276106691954,11.28641416003793,18.815080159440907,28.222620239161355
A8,29_Salicylaldehyde,Aromatic,-7.0,2.656,0.7777777777777778,60.82153101660877,6.4971586816308715,9.745738022446307,17.831453725012636,26.747180587518955
A8,2_acetaldehyde,Short-chain,-5.73,2.462,1.9100000000000001,23.915394280328794,1.757940915566035,2.6369113733490526,7.808216796565484,11.712325194848225
A8,"30_(E)-3-(3,4-Dihydroxyphenyl)prop-2-enal",Aromatic,-7.54,7.729,0.6283333333333333,76.66451643826073,8.458396098633306,12.68759414794996,22.207410476670987,33.31111571500648
A8,"31_(2E,4E,6E,8E)-3,7-dimethyl-9-(2,6,6-trimethylcyclohexen-1-yl)nona-2,4,6,8-tetraenal",Retinoid,-9.62,2.084,0.45809523809523806,106.12910757549562,27.299590341644763,40.94938551246714,15.15205268855349,22.72807903283023
A8,32_9-cis-Retinal,Retinoid,-9.43,2.399,0.44904761904761903,101.76449059728262,26.17687991633903,39.26531987450854,14.52891632257402,21.79337448386103
A8,34_4-hydroxy-2-nonenal,"α,β-Unsat",-7.44,2.069,0.6763636363636364,71.74113259019713,8.806702299663964,13.210053449495945,19.88975073641489,29.83462610462233
A8,35_Cinnamaldehyde,Aromatic,-7.51,1.949,0.751,72.70950853818198,9.44908536459367,14.173628046890501,19.634718050679126,29.452077076018682
A8,36_3-(4-Isopropylphenyl)-2-methylpropanal,Aromatic,-8.58,1.594,0.6128571428571429,95.30782029950082,16.480310593455354,24.720465890183032,21.642817526344977,32.46422628951746
A8,"38_(2R)-2-[(2S,3R,4S)-3,4-Dihydroxy-5-oxo -tetrahydrofuran-2-yl]-2-hydroxy-acetaldehyde",Aromatic,-6.64,3.249,0.5533333333333333,64.77093206951025,0.0,0.0,25.9083728278041,38.86255924170615
A8,39_4-nitrobenzaldehyde,Aromatic,-6.69,2.146,0.6081818181818183,50.65760768758273,5.753522222463356,8.630283333695033,14.509520852569736,21.764281278854604
A8,3_propylaldehyde,Short-chain,-6.0,2.031,1.5,31.801651319825773,2.751160855678128,4.126741283517191,9.969499672252184,14.954249508378272
A8,40_Furan-2-carbaldehyde,Aromatic,-7.95,1.747,0.4676470588235294,77.88398043216475,13.813243156180636,20.719864734270953,17.340349016685263,26.01052352502789
A8,41_Indole-3-acetaldehyde,Aromatic,-7.78,2.907,0.6483333333333333,80.47253472389875,10.486375999871246,15.729563999806867,21.70263788968826,32.553956834532386
A8,42_Glutamate-5-semialdehyde,Semialdehyde,-6.26,6.207,0.6955555555555555,44.101180147580735,2.024832184509257,3.037248276763885,15.615639874523039,23.423459811784557
A8,43_Glutamate-1-semialdehyde,Semialdehyde,-6.08,1.984,0.6755555555555556,37.801011555069216,1.7355704438650783,2.603355665797617,13.38483417816261,20.077251267243913
A8,44_glutarate semialdehyde,Semialdehyde,-6.51,5.852,0.81375,48.586061939442324,3.9519902781542386,5.9279854172313575,15.482434497622691,23.223651746434037
A8,45_adipate semialdehyde,Semialdehyde,-6.75,6.897,0.75,54.688340833240304,5.159480368677336,7.739220553016002,16.715855964618786,25.073783946928177
A8,46_Succinic semialdehyde,Semialdehyde,-6.2,4.459,0.8857142857142858,39.790125655890485,2.7191245535713695,4.078686830357054,13.196925708784825,19.795388563177234
A8,47_methylmalonate semialdehyde,Semialdehyde,-6.23,4.347,0.89,41.25003018294893,2.6207519176233554,3.931127876435033,13.879260155556217,20.818890233334322
A8,48_alpha-aminoadipate semialdehyde,Semialdehyde,-6.53,7.252,0.653,51.879706896610195,3.056579397991951,4.584869096987926,17.69530336065213,26.54295504097819
A8,49_2-Aminomuconic semialdehyde,Semialdehyde,-6.52,6.89,0.6519999999999999,51.951368597284315,2.889708292609612,4.334562438914417,17.890839146304117,26.836258719456175
A8,4_malonaldehyde,Short-chain,-5.99,4.389,1.198,33.550965000311116,1.9843159066684006,2.9764738600026006,11.436070093456047,17.15410514018407
A8,50_10-formyltetrahydrofolate,Other,-7.69,14.365,0.2261764705882353,95.00397745276607,4.0183515663271665,6.027527349490749,33.983239414779256,50.97485912216889
A8,52_Triose phosphate,Other,-6.07,5.858,0.607,39.82583825945455,0.8701945659690816,1.3052918489536223,15.06014073781274,22.590211106719106
A8,53_Pyridoxal phosphate,Other,-6.65,16.654,0.415625,52.781233189177236,4.429084401836619,6.643626602754928,16.683408873834278,25.02511331075141
A8,57_S-3-oxopropylglutathione,Other,-7.22,4.168,0.30083333333333334,86.18123494448758,0.5351854690052797,0.8027782035079196,33.937308508789755,50.90596276318463
A8,58_S-(4-oxobutan-2-yl)glutathione,Other,-8.42,6.12,0.3368,128.20259068196575,2.4563616374664807,3.684542456199721,48.82467463531982,73.23701195297973
A8,5_butyraldehyde,Short-chain,-6.24,2.208,1.248,38.31234846539271,3.8125895036194475,5.71888425542917,11.512349882537638,17.268524823806455
A8,60_S-Formylglutathione,Other,-7.44,5.307,0.3381818181818182,96.36650868878358,0.0,0.0,38.546603475513436,57.81990521327015
A8,6_amylaldehyde,Short-chain,-6.47,2.558,1.0783333333333334,44.16247223322111,4.969014167441262,7.453521251161892,12.695974725847181,19.04396208877077
A8,7_glutaraldehyde,Medium-chain,-6.48,7.02,0.9257142857142858,47.21100960744047,4.020017468073556,6.030026202110333,14.864386374902631,22.296579562353944
A8,8_hexanal,Medium-chain,-6.77,2.313,0.9671428571428571,51.7440734618504,6.494916100931462,9.742374151397193,14.202713283808698,21.304069925713044
A8,9_2-hydroxypropionaldehyde,Short-chain,-6.03,1.99,1.206,35.49766135892768,1.853096248473888,2.7796443727108318,12.345968295097185,18.518952442645777
A9,10_4-guanidinobutyraldehyde,Semialdehyde,-5.98,2.303,0.6644444444444445,34.69787568275153,1.4329066061120295,2.149359909168044,12.446243666988584,18.669365500482876
A9,11_prop-2-enal,"α,β-Unsat",-5.93,2.023,1.4825,30.08125042776831,2.377722304645566,3.566583456968349,9.654777866461759,14.482166799692637
A9,12_prop-2-ynal,"α,β-Unsat",-5.91,2.506,1.4775,30.731137666716428,1.8628191282307942,2.794228692346191,10.429635938455778,15.644453907683666
A9,13_(2E)-but-2-enal,"α,β-Unsat",-6.14,3.093,1.228,35.807501885233556,3.295961190196132,4.943941785294197,11.027039563897292,16.540559345845935
A9,14_trans-2-Hexenal,"α,β-Unsat",-6.63,2.699,0.9471428571428572,48.399295733830705,5.713698192364494,8.57054728854674,13.64602010116779,20.469030151751685
A9,15_heptanal,Medium-chain,-6.91,2.337,0.86375,54.373428508278934,7.531988561728494,11.29798284259274,14.217382841583081,21.32607426237462
A9,16_octanaldehyde,Medium-chain,-7.13,2.197,0.7922222222222222,59.08773857853431,8.953368067676712,13.430052101515065,14.68172736373701,22.022591045605516
A9,17_nonanal,Medium-chain,-7.4,2.338,0.74,64.91974134676651,10.681245043783498,16.021867565675244,15.286651494923106,22.92997724238466
A9,18_decanal,Medium-chain,-7.64,1.598,0.6945454545454545,69.67655299535275,12.36991070844163,18.554866062662445,15.50071048969947,23.251065734549204
A9,19_dodecanal,Medium-chain,-8.06,2.521,0.62,77.01865905380009,15.67637786381048,23.514566795715716,15.13108575770956,22.696628636564338
A9,20_Citral,"α,β-Unsat",-7.65,2.256,0.6954545454545454,71.94814954789412,11.698769116487586,17.548153674731378,17.080490702670062,25.620736054005093
A9,21_cis-2-Octenal,"α,β-Unsat",-7.11,1.257,0.79,59.40407632460954,8.55775123532325,12.836626852984876,15.203879294520569,22.80581894178085
A9,22_trans-2-Octenal,"α,β-Unsat",-7.16,1.74,0.7955555555555556,60.81175585836806,8.760541548956503,13.140812323434755,15.564160794390723,23.34624119158608
A9,23_4-Hydroxynonenal,"α,β-Unsat",-7.37,2.964,0.67,69.68298534375704,8.5540510041818,12.8310765062727,19.31914313332102,28.978714699981523
A9,24_Tetradecanal,Medium-chain,-8.35,1.71,0.5566666666666666,80.58327085523912,18.497621213917302,27.74643182087595,13.735687128178348,20.60353069226752
A9,25_hexadecanal,Medium-chain,-8.6,1.438,0.5058823529411764,82.92413344741234,21.1915387162644,31.787308074396595,11.978114662700541,17.96717199405081
A9,26_trans-2-hexadecenal,"α,β-Unsat",-8.44,1.614,0.4964705882352941,80.21539512517982,19.900369991955458,29.850554987933187,12.185788058116472,18.278682087174705
A9,27_Benzaldehyde,Aromatic,-6.89,2.418,0.86125,56.28706235022131,6.565135328988648,9.84770299348297,15.94968961109988,23.924534416649816
A9,28_Phenylacetaldehyde,Aromatic,-7.16,2.152,0.7955555555555556,64.65114719868974,7.387471086570281,11.081206629855421,18.472987792905613,27.70948168935842
A9,29_Salicylaldehyde,Aromatic,-6.88,2.294,0.7644444444444445,57.172239155612246,6.10732916073302,9.160993741099528,16.76156650151188,25.14234975226782
A9,2_acetaldehyde,Short-chain,-5.68,2.633,1.8933333333333333,22.27735357619666,1.6375340035409627,2.4563010053114436,7.273407426937702,10.910111140406553
A9,"30_(E)-3-(3,4-Dihydroxyphenyl)prop-2-enal",Aromatic,-7.44,2.763,0.62,73.64622838951031,8.125388378214673,12.18808256732201,21.333102977589455,31.99965446638418
A9,"31_(2E,4E,6E,8E)-3,7-dimethyl-9-(2,6,6-trimethylcyclohexen-1-yl)nona-2,4,6,8-tetraenal",Retinoid,-9.35,1.835,0.4452380952380952,99.92675713277187,25.704159737262927,38.55623960589439,14.26654311584582,21.39981467376873
A9,32_9-cis-Retinal,Retinoid,-9.37,5.125,0.44619047619047614,100.38619049889955,25.822339782031953,38.73350967304793,14.33213641752787,21.498204626291802
A9,34_4-hydroxy-2-nonenal,"α,β-Unsat",-7.35,2.733,0.6681818181818181,69.09494327334556,8.481864919758323,12.722797379637484,19.156112389579906,28.734168584369858
A9,35_Cinnamaldehyde,Aromatic,-7.42,2.011,0.742,70.10239468621529,9.110273538771585,13.665410308157375,18.930684335714535,28.3960265035718
A9,36_3-(4-Isopropylphenyl)-2-methylpropanal,Aromatic,-8.32,2.101,0.5942857142857143,88.38602329450914,15.283416528008878,22.925124792013314,20.070992789794786,30.106489184692173
A9,"38_(2R)-2-[(2S,3R,4S)-3,4-Dihydroxy-5-oxo -tetrahydrofuran-2-yl]-2-hydroxy-acetaldehyde",Aromatic,-6.69,2.924,0.5575,66.74565560821486,0.0,0.0,26.698262243285946,40.047393364928915
A9,39_4-nitrobenzaldehyde,Aromatic,-6.63,2.023,0.6027272727272727,48.859112740094574,5.549255161310809,8.323882741966212,13.99438993472702,20.991584902090526
A9,3_propylaldehyde,Short-chain,-5.93,2.375,1.4825,29.57553572743796,2.558579595780658,3.8378693936709865,9.271634695194527,13.907452042791787
A9,40_Furan-2-carbaldehyde,Aromatic,-7.97,1.963,0.4688235294117647,78.4120074181455,13.906892262324233,20.860338393486348,17.457910704933973,26.186866057400955
A9,41_Indole-3-acetaldehyde,Aromatic,-7.59,2.776,0.6325,74.97261328593443,9.769681237290115,14.654521855935172,20.21936407708366,30.329046115625488
A9,42_Glutamate-5-semialdehyde,Semialdehyde,-6.34,4.303,0.7044444444444444,46.901255077585866,2.153392958128893,3.230089437193339,16.607109072905455,24.910663609358178
A9,43_Glutamate-1-semialdehyde,Semialdehyde,-6.25,2.941,0.6944444444444444,43.7511707813301,2.008762087806803,3.0131431317102044,15.491706224725238,23.237559337087855
A9,44_glutarate semialdehyde,Semialdehyde,-6.43,6.194,0.80375,46.011965942650676,3.742613309775206,5.613919964662808,14.662173067285066,21.993259600927598
A9,45_adipate semialdehyde,Semialdehyde,-6.66,7.153,0.74,51.875797590387954,4.894135664002501,7.341203496003752,15.85618337215268,23.784275058229017
A9,46_Succinic semialdehyde,Semialdehyde,-6.21,3.974,0.8871428571428571,40.12171003635623,2.74178392485113,4.112675887276695,13.30690008969136,19.960350134537038
A9,47_methylmalonate semialdehyde,Semialdehyde,-6.17,3.086,0.8814285714285715,39.237833588658724,2.4929103606661176,3.7393655409991764,13.202223074797372,19.803334612196057
A9,48_alpha-aminoadipate semialdehyde,Semialdehyde,-6.55,6.962,0.655,52.55787299983384,3.096534684240211,4.644802026360316,17.926614515693327,26.889921773539985
A9,49_2-Aminomuconic semialdehyde,Semialdehyde,-6.46,7.803,0.646,49.90065667897047,2.775640860006601,4.163461290009901,17.18462181158159,25.77693271737238
A9,4_malonaldehyde,Short-chain,-5.9,3.818,1.1800000000000002,30.500877273010108,1.8039235515167278,2.7058853272750913,10.396427357687315,15.594641036530973
A9,50_10-formyltetrahydrofolate,Other,-8.05,15.536,0.23676470588235296,107.71826439811767,4.556123523159056,6.8341852847385836,38.531182236088014,57.796773354132014
A9,52_Triose phosphate,Other,-6.11,5.304,0.611,41.31465464298556,0.9027252039492342,1.354087805923851,15.623136653244991,23.434704979867483
A9,53_Pyridoxal phosphate,Other,-6.82,7.112,0.42625,58.21929963897125,4.885414309904633,7.32812146485695,18.40230554568387,27.6034583185258
A9,57_S-3-oxopropylglutathione,Other,-8.19,6.001,0.34125,123.8369997625745,0.7690277685256047,1.153541652788407,48.7657721365042,73.14865820475629
A9,58_S-(4-oxobutan-2-yl)glutathione,Other,-8.21,6.521,0.3284,120.33050178044155,2.305532414113276,3.4582986211699143,45.826668298063346,68.74000244709501
A9,5_butyraldehyde,Short-chain,-6.2,2.17,1.24,37.07646625683165,3.689602745438174,5.53440411815726,11.140983757294487,16.711475635941728
A9,60_S-Formylglutathione,Other,-7.58,4.076,0.34454545454545454,101.89573459715639,0.0,0.0,40.758293838862556,61.137440758293835
A9,6_amylaldehyde,Short-chain,-6.4,2.554,1.0666666666666667,42.0594973649725,4.732394445182156,7.098591667773234,12.091404500806846,18.137106751210265
A9,7_glutaraldehyde,Medium-chain,-6.4,1.781,0.9142857142857144,44.659063142173416,3.8027192265560665,5.704078839834099,14.0609060303133,21.091359045469947
A9,8_hexanal,Medium-chain,-6.65,2.442,0.9500000000000001,48.23600068477582,6.0545828059530615,9.081874208929591,13.239817467957264,19.859726201935896
A9,9_2-hydroxypropionaldehyde,Short-chain,-5.94,2.403,1.1880000000000002,32.395923958633034,1.69117521705384,2.5367628255807597,11.267194366399375,16.90079154959906
